Time,P,S,Q,Temperature
1/1/19 0:00,1714.28,1731.6,244.2722402,25.7
1/1/19 0:01,1654.94,1671.66,235.8166627,26.6
1/1/19 0:02,1557.78,1573.52,221.972312,26.3
1/1/19 0:03,1628.57,1645.02,232.586282,27.4
1/1/19 0:04,1624.17,1640.58,231.4322891,24.2
1/1/19 0:05,1656.24,1672.97,236.14609,25.4
1/1/19 0:06,1676.33,1710.54,340.3931621,25.6
1/1/19 0:07,1600.53,1633.19,325.7065,25.6
1/1/19 0:08,1574.54,1606.67,319.7232931,27.5
1/1/19 0:09,1592.54,1625.04,323.378877,27.6
1/1/19 0:10,1728.31,1763.58,350.9479889,26.9
1/1/19 0:11,1604.86,1637.61,325.8802754,24.9
1/1/19 0:12,1588.19,1620.6,322.4953281,26.2
1/1/19 0:13,1635.18,1668.55,332.372576,26.8
1/1/19 0:14,1635.18,1668.55,332.372576,26.7
1/1/19 0:15,1675.93,1692.86,238.8072907,27.4
1/1/19 0:16,1603.01,1619.2,228.416269,28.4
1/1/19 0:17,1616.08,1632.4,230.2783581,27
1/1/19 0:18,1635.68,1652.2,233.714919,27.9
1/1/19 0:19,1613.9,1630.2,229.9680099,26.2
1/1/19 0:20,1646.57,1663.2,234.6232328,25.9
1/1/19 0:21,1646.57,1663.2,234.6232328,26
1/1/19 0:22,1642.21,1658.8,234.25364,25.6
1/1/19 0:23,1631.32,1647.8,232.4507955,25.8
1/1/19 0:24,1644.39,1661,234.3128846,26.8
1/1/19 0:25,1637.86,1654.4,233.38184,27.6
1/1/19 0:26,1642.21,1658.8,234.25364,26.1
1/1/19 0:27,1618.25,1634.6,230.5887063,26.6
1/1/19 0:28,1672.7,1689.6,238.3474111,25.8
1/1/19 0:29,1613.9,1630.2,229.9680099,25.8
1/1/19 0:30,1611.72,1628,229.6576617,26.8
1/1/19 0:31,1714.09,1731.4,244.2440268,25.7
1/1/19 0:32,1745.32,1762.95,248.694702,26.6
1/1/19 0:33,1677.06,1694,238.9681075,26.3
1/1/19 0:34,1710.63,1727.91,243.7517017,27.4
1/1/19 0:35,1697.62,1714.77,241.8980766,24.2
1/1/19 0:36,1652.09,1668.78,235.4103887,25.4
1/1/19 0:37,1749.66,1767.33,249.312577,25.6
1/1/19 0:38,1639.08,1655.64,233.5567636,25.6
1/1/19 0:39,1732.31,1749.81,246.8410768,27.5
1/1/19 0:40,1682.45,1699.44,239.7355139,27.6
1/1/19 0:41,1654.26,1670.97,235.7193262,26.9
1/1/19 0:42,1636.92,1653.45,233.2478261,24.9
1/1/19 0:43,1662.93,1679.73,236.9550763,26.2
1/1/19 0:44,1671.61,1688.49,238.1908263,26.8
1/1/19 0:45,1717.93,1735.28,244.7913681,26.7
1/1/19 0:46,1719.3,1736.67,244.9874517,27.4
1/1/19 0:47,1697.62,1714.77,241.8980766,28.4
1/1/19 0:48,1726.96,1762.2,350.6733723,27
1/1/19 0:49,1714.81,1749.81,348.2077935,27.9
1/1/19 0:50,1659.01,1692.87,336.8768765,26.2
1/1/19 0:51,1646.14,1679.73,334.2620495,25.9
1/1/19 0:52,1751.3,1787.04,355.6164699,26
1/1/19 0:53,1691.21,1725.72,343.413944,25.6
1/1/19 0:54,1729.84,1765.14,351.2584249,25.8
1/1/19 0:55,1646.14,1679.73,334.2620495,26.8
1/1/19 0:56,1714.81,1749.81,348.2077935,27.6
1/1/19 0:57,1699.79,1734.48,345.157162,26.1
1/1/19 0:58,1699.79,1734.48,345.157162,26.6
1/1/19 0:59,1680.47,1714.77,341.2349215,25.8
1/1/19 1:00,1693.35,1727.91,343.8497485,25.8
1/1/19 1:01,1772.76,1808.94,359.9745149,26.8
1/1/19 1:02,1787.78,1824.27,363.251464,25.7
1/1/19 1:03,1692.46,1727,343.6686608,26.6
1/1/19 1:04,1767.92,1804,358.9914673,26.3
1/1/19 1:05,1651.5,1685.2,335.3505658,27.4
1/1/19 1:06,1649.34,1683,334.9127713,24.2
1/1/19 1:07,1651.5,1685.2,335.3505658,25.4
1/1/19 1:08,1716.18,1751.2,348.4844,25.6
1/1/19 1:09,1655.81,1689.6,336.2261547,25.6
1/1/19 1:10,1716.18,1751.2,348.4844,27.5
1/1/19 1:11,1654.35,1688.11,335.9296485,27.6
1/1/19 1:12,1645.61,1679.19,334.1545909,26.9
1/1/19 1:13,1674.94,1709.12,340.1105857,24.9
1/1/19 1:14,1670.55,1704.64,339.219077,26.2
1/1/19 1:15,1647.79,1681.42,334.5983553,26.8
1/1/19 1:16,1652.99,1686.72,335.653042,26.7
1/1/19 1:17,1642.01,1675.52,333.4242701,27.4
1/1/19 1:18,1696.89,1731.52,344.5681294,28.4
1/1/19 1:19,1624.45,1657.6,329.8582351,27
1/1/19 1:20,1696.89,1731.52,344.5681294,27.9
1/1/19 1:21,1683.72,1718.08,341.8936032,26.2
1/1/19 1:22,1678.39,1712.64,340.8110569,25.9
1/1/19 1:23,1639.05,1672.5,332.8232977,26
1/1/19 1:24,1695.87,1730.48,344.361172,25.6
1/1/19 1:25,1742.66,1778.22,353.8613121,25.8
1/1/19 1:26,1668.69,1702.74,338.8409817,26.8
1/1/19 1:27,1640.4,1673.88,333.979142,27.6
1/1/19 1:28,1691.5,1726.02,343.4736432,26.1
1/1/19 1:29,1733.02,1768.39,351.9051668,26.6
1/1/19 1:30,1739.58,1775.08,353.23646,25.8
1/1/19 1:31,1747.01,1782.66,354.7448609,25.8
1/1/19 1:32,1671.83,1705.95,339.4797637,26.8
1/1/19 1:33,1675.21,1709.4,340.166305,25.7
1/1/19 1:34,1677.39,1711.62,340.6080794,26.6
1/1/19 1:35,1727.43,1762.68,350.7688911,26.3
1/1/19 1:36,1701.32,1736.04,345.4675981,27.4
1/1/19 1:37,1705.67,1740.48,346.3511469,24.2
1/1/19 1:38,1696.97,1731.6,344.5840492,25.4
1/1/19 1:39,1668.69,1702.74,338.8409817,25.6
1/1/19 1:40,1723.08,1758.24,349.8853423,25.6
1/1/19 1:41,1782.45,1818.83,361.9426,27.5
1/1/19 1:42,1695.82,1730.43,344.3512222,27.6
1/1/19 1:43,1784.62,1821.04,362.3823845,26.9
1/1/19 1:44,1746.36,1782,354.6135226,24.9
1/1/19 1:45,1723.98,1759.16,350.6842,26.2
1/1/19 1:46,1781.6,1799.6,253.8648207,26.8
1/1/19 1:47,1755.47,1773.2,250.1406424,26.7
1/1/19 1:48,1709.73,1727,243.6233304,27.4
1/1/19 1:49,1755.47,1773.2,250.1406424,28.4
1/1/19 1:50,1740.22,1757.8,247.9682051,27
1/1/19 1:51,1782.18,1800.18,253.9466398,27.9
1/1/19 1:52,1792.49,1810.6,255.4165616,26.2
1/1/19 1:53,1709.73,1727,243.6233304,25.9
1/1/19 1:54,1794.67,1812.8,255.7269098,26
1/1/19 1:55,1803.86,1822.08,257.360149,25.6
1/1/19 1:56,1701.02,1718.2,242.3819376,25.8
1/1/19 1:57,1759.82,1777.6,250.7613388,26.8
1/1/19 1:58,1753.29,1771,249.8302942,27.6
1/1/19 1:59,1777.84,1795.8,253.3287647,26.1
1/1/19 2:00,1779.43,1797.4,253.5544725,26.6
1/1/19 2:01,1674.88,1691.8,238.6577593,25.8
1/1/19 2:02,1701.02,1718.2,242.3819376,25.8
1/1/19 2:03,1703.2,1720.4,242.6922858,26.8
1/1/19 2:04,1690.13,1707.2,240.8301966,25.7
1/1/19 2:05,1727.15,1744.6,246.1061159,26.6
1/1/19 2:06,1689.06,1706.12,240.6778439,26.3
1/1/19 2:07,1730.63,1748.11,246.6012623,27.4
1/1/19 2:08,1682.5,1699.49,239.7425673,24.2
1/1/19 2:09,1761.26,1779.05,250.9658864,25.4
1/1/19 2:10,1715.31,1732.64,244.4189503,25.6
1/1/19 2:11,1708.75,1726.01,243.4836737,25.6
1/1/19 2:12,1842.59,1861.2,262.5545701,27.5
1/1/19 2:13,1710.94,1728.22,243.7954325,27.6
1/1/19 2:14,1675.93,1692.86,238.8072907,26.9
1/1/19 2:15,1719.69,1737.06,245.42468,24.9
1/1/19 2:16,1721.88,1739.27,245.3542269,26.2
1/1/19 2:17,1686.87,1703.91,240.366085,26.8
1/1/19 2:18,1700,1717.17,242.2366382,26.7
1/1/19 2:19,1728.44,1745.9,246.2895035,27.4
1/1/19 2:20,1739.38,1756.95,247.8482978,28.4
1/1/19 2:21,1745.94,1763.58,248.7835744,27
1/1/19 2:22,1735,1752.53,247.2247801,27.9
1/1/19 2:23,1752.51,1770.21,249.718851,26.2
1/1/19 2:24,1783.14,1801.15,254.834751,25.9
1/1/19 2:25,1748.13,1765.79,249.953333,26
1/1/19 2:26,1715.31,1732.64,244.4189503,25.6
1/1/19 2:27,1752.51,1770.21,249.718851,25.8
1/1/19 2:28,1671.56,1688.44,238.183773,26.8
1/1/19 2:29,1785.33,1803.36,254.395234,27.6
1/1/19 2:30,1805.02,1823.25,257.2010637,26.1
1/1/19 2:31,1707.69,1724.94,243.3327316,26.6
1/1/19 2:32,1798.45,1816.62,256.2657872,25.8
1/1/19 2:33,1712.09,1729.38,243.9590707,25.8
1/1/19 2:34,1857.53,1876.29,264.6832765,26.8
1/1/19 2:35,1896.91,1916.07,270.2949361,25.7
1/1/19 2:36,1678.12,1695.07,239.1190496,26.6
1/1/19 2:37,1695.62,1712.75,241.6131205,26.3
1/1/19 2:38,1710.94,1728.22,243.7954325,27.4
1/1/19 2:39,1721.88,1739.27,245.3542269,24.2
1/1/19 2:40,1842.21,1860.82,262.5009645,25.4
1/1/19 2:41,1861.9,1880.71,265.3067942,25.6
1/1/19 2:42,1712.09,1729.38,243.9590707,25.6
1/1/19 2:43,1721.88,1739.27,245.3542269,27.5
1/1/19 2:44,1673.74,1690.65,238.4955318,27.6
1/1/19 2:45,1701.1,1718.28,242.393223,26.9
1/1/19 2:46,1745.05,1762.68,248.6566138,24.9
1/1/19 2:47,1760.06,1795.98,357.3955075,26.2
1/1/19 2:48,1679.56,1713.84,341.498538,26.8
1/1/19 2:49,1696.97,1731.6,344.5840492,26.7
1/1/19 2:50,1829.68,1867.02,371.532289,27.4
1/1/19 2:51,1801.4,1838.16,365.7892215,28.4
1/1/19 2:52,1788.34,1824.84,363.1385749,27
1/1/19 2:53,1705.67,1740.48,346.3511469,27.9
1/1/19 2:54,1783.99,1820.4,362.2550261,26.2
1/1/19 2:55,1764.41,1800.42,358.2790563,25.9
1/1/19 2:56,1712.2,1747.14,347.6764702,26
1/1/19 2:57,1775.29,1811.52,360.4879284,25.6
1/1/19 2:58,1666.51,1700.52,338.3992073,25.8
1/1/19 2:59,1746.13,1781.77,354.5677532,26.8
1/1/19 3:00,1674.02,1708.18,339.9235281,27.6
1/1/19 3:01,1698.06,1732.71,344.8049364,26.1
1/1/19 3:02,1671.83,1705.95,339.4797637,26.6
1/1/19 3:03,1733.02,1768.39,351.9051668,25.8
1/1/19 3:04,1691.5,1726.02,343.4736432,25.8
1/1/19 3:05,1773.11,1809.3,360.46154,26.8
1/1/19 3:06,1741.76,1777.31,353.6802244,25.7
1/1/19 3:07,1725.25,1760.46,350.3271167,26.6
1/1/19 3:08,1690.44,1724.94,343.258726,26.3
1/1/19 3:09,1668.69,1702.74,338.8409817,27.4
1/1/19 3:10,1710.02,1744.92,347.2346958,24.2
1/1/19 3:11,1713.35,1748.32,347.9112872,25.4
1/1/19 3:12,1707.85,1742.7,346.7929213,25.6
1/1/19 3:13,1731.78,1767.12,351.65244,25.6
1/1/19 3:14,1680.57,1714.87,341.2548213,27.5
1/1/19 3:15,1652.16,1685.88,335.4858841,27.6
1/1/19 3:16,1751.36,1787.1,355.6284098,26.9
1/1/19 3:17,1726.47,1761.7,350.5738736,24.9
1/1/19 3:18,1658.72,1692.57,336.8171773,26.2
1/1/19 3:19,1717.72,1752.78,348.798816,26.8
1/1/19 3:20,1759.25,1795.15,357.2303395,26.7
1/1/19 3:21,1702.43,1737.17,345.6924652,27.4
1/1/19 3:22,1660.9,1694.8,337.2609417,28.4
1/1/19 3:23,1698.06,1732.71,344.8049364,27
1/1/19 3:24,1796.4,1833.06,364.7743343,27.9
1/1/19 3:25,1652.16,1685.88,335.4858841,26.2
1/1/19 3:26,1785.47,1821.91,362.5555123,25.9
1/1/19 3:27,1745.18,1780.8,354.3747256,26
1/1/19 3:28,1783.29,1819.68,362.1117479,25.6
1/1/19 3:29,1721.04,1756.16,349.4714275,25.8
1/1/19 3:30,1741.95,1777.5,353.7180339,26.8
1/1/19 3:31,1750.77,1786.5,355.5090113,27.6
1/1/19 3:32,1799.28,1836,365.3593869,26.1
1/1/19 3:33,1664.78,1698.75,338.469818,26.6
1/1/19 3:34,1662.57,1696.5,337.5992374,25.8
1/1/19 3:35,1781.64,1818,361.7774321,25.8
1/1/19 3:36,1741.95,1777.5,353.7180339,26.8
1/1/19 3:37,1783.85,1820.25,362.2251765,25.7
1/1/19 3:38,1730.93,1766.25,351.4793122,26.6
1/1/19 3:39,1793.48,1830.08,364.1813218,26.3
1/1/19 3:40,1789.09,1825.6,363.289813,27.4
1/1/19 3:41,1751.77,1787.52,355.7119887,24.2
1/1/19 3:42,1688.11,1722.56,342.7851119,25.4
1/1/19 3:43,1681.52,1715.84,341.4478488,25.6
1/1/19 3:44,1674.94,1709.12,340.1105857,25.6
1/1/19 3:45,1670.55,1704.64,339.219077,27.5
1/1/19 3:46,1677.13,1711.36,340.5563401,27.6
1/1/19 3:47,1683.72,1718.08,341.8936032,26.9
1/1/19 3:48,1767.14,1803.2,358.8322693,24.9
1/1/19 3:49,1721.04,1756.16,349.4714275,26.2
1/1/19 3:50,1723.23,1758.4,349.9171819,26.8
1/1/19 3:51,1694.69,1729.28,344.122375,26.7
1/1/19 3:52,1749.57,1785.28,355.2662343,27.4
1/1/19 3:53,1681.52,1715.84,341.4478488,28.4
1/1/19 3:54,1716.65,1751.68,348.5799188,27
1/1/19 3:55,1763.62,1799.61,358.1178683,27.9
1/1/19 3:56,1767.14,1803.2,358.8322693,26.2
1/1/19 3:57,1721.04,1756.16,349.4714275,25.9
1/1/19 3:58,1688.11,1722.56,342.7851119,26
1/1/19 3:59,1689.31,1723.79,343.298788,25.6
1/1/19 4:00,1700.24,1734.94,345.2487008,25.8
1/1/19 4:01,1711.17,1746.09,347.4675228,26.8
1/1/19 4:02,1674.02,1708.18,339.9235281,27.6
1/1/19 4:03,1678.39,1712.64,340.8110569,26.1
1/1/19 4:04,1691.5,1726.02,343.4736432,26.6
1/1/19 4:05,1698.06,1732.71,344.8049364,25.8
1/1/19 4:06,1737.39,1772.85,352.7926956,25.8
1/1/19 4:07,1708.98,1743.86,347.237584,26.8
1/1/19 4:08,1722.1,1757.24,349.6863448,25.7
1/1/19 4:09,1687.13,1721.56,342.5861144,26.6
1/1/19 4:10,1713.35,1748.32,347.9112872,26.3
1/1/19 4:11,1710.02,1744.92,347.2346958,27.4
1/1/19 4:12,1798.58,1835.29,365.2180987,24.2
1/1/19 4:13,1671.83,1705.95,339.4797637,25.4
1/1/19 4:14,1853.22,1891.04,376.3122086,25.6
1/1/19 4:15,1783.99,1820.4,362.2550261,25.6
1/1/19 4:16,1738.3,1773.78,352.9777632,27.5
1/1/19 4:17,1827.5,1864.8,371.905145,27.6
1/1/19 4:18,1818.8,1855.92,369.3234169,26.9
1/1/19 4:19,1712.2,1747.14,347.6764702,24.9
1/1/19 4:20,1790.52,1827.06,363.5803494,26.2
1/1/19 4:21,1707.85,1742.7,346.7929213,26.8
1/1/19 4:22,1838.76,1876.29,373.3769957,26.7
1/1/19 4:23,1715.31,1750.32,348.3092822,27.4
1/1/19 4:24,1806.28,1843.14,366.780229,28.4
1/1/19 4:25,1742.66,1778.22,353.8613121,27
1/1/19 4:26,1721.81,1756.95,349.6286355,27.9
1/1/19 4:27,1791.12,1827.67,363.7017378,26.2
1/1/19 4:28,1795.45,1832.09,364.5813067,25.9
1/1/19 4:29,1732.64,1768,351.8275578,26
1/1/19 4:30,1842.59,1861.2,262.5545701,25.6
1/1/19 4:31,1836.05,1854.6,261.6235255,25.8
1/1/19 4:32,1868.72,1887.6,266.2787484,26.8
1/1/19 4:33,1737.74,1773.2,352.8623447,27.6
1/1/19 4:34,1888.42,1907.49,269.845781,26.1
1/1/19 4:35,1744.86,1780.47,354.3090564,26.6
1/1/19 4:36,1738.42,1773.9,353.16429,25.8
1/1/19 4:37,1738.42,1773.9,353.16429,25.8
1/1/19 4:38,1749.15,1784.85,355.1806654,26.8
1/1/19 4:39,1807.39,1844.28,367.70861,25.7
1/1/19 4:40,1838.76,1876.29,373.3769957,26.6
1/1/19 4:41,1724.8,1760,350.2355779,26.3
1/1/19 4:42,1802.42,1839.2,365.9961789,27.4
1/1/19 4:43,1752.83,1788.6,355.926906,24.2
1/1/19 4:44,1711.86,1746.8,347.608811,25.4
1/1/19 4:45,1703.24,1738,345.8576331,25.6
1/1/19 4:46,1719.65,1754.74,349.1888511,25.6
1/1/19 4:47,1708.82,1743.69,346.9899288,27.5
1/1/19 4:48,1723.98,1759.16,350.6842,27.6
1/1/19 4:49,1788.95,1825.46,363.2619534,26.9
1/1/19 4:50,1765.13,1801.15,358.4243245,24.9
1/1/19 4:51,1741.3,1776.84,353.5866955,26.2
1/1/19 4:52,1745.63,1781.26,354.4662644,26.8
1/1/19 4:53,1739.14,1774.63,353.1469111,26.7
1/1/19 4:54,1832.27,1869.66,372.576423,27.4
1/1/19 4:55,1794.87,1831.5,364.4638982,28.4
1/1/19 4:56,1783.99,1820.4,362.2550261,27
1/1/19 4:57,1714.37,1749.36,348.1182446,27.9
1/1/19 4:58,1714.37,1749.36,348.1182446,26.2
1/1/19 4:59,1733.95,1769.34,352.942144,25.9
1/1/19 5:00,1756.46,1792.31,356.6651867,26
1/1/19 5:01,1721.81,1756.95,349.6286355,25.6
1/1/19 5:02,1693.66,1728.22,343.9114377,25.8
1/1/19 5:03,1747.8,1783.47,354.9060489,26.8
1/1/19 5:04,1929.73,1949.22,274.9713191,27.6
1/1/19 5:05,1736.13,1771.56,352.5359888,26.1
1/1/19 5:06,1755.71,1791.54,356.5119586,26.6
1/1/19 5:07,1739.14,1774.63,353.1469111,25.8
1/1/19 5:08,1806.28,1843.14,366.780229,25.8
1/1/19 5:09,1756.46,1792.31,356.6651867,26.8
1/1/19 5:10,1731.78,1767.12,351.65244,25.7
1/1/19 5:11,1850.96,1869.66,263.7479999,26.6
1/1/19 5:12,1812.77,1849.77,368.995823,26.3
1/1/19 5:13,1745.63,1781.26,354.4662644,27.4
1/1/19 5:14,1745.63,1781.26,354.4662644,24.2
1/1/19 5:15,1938.48,1958.06,276.2183545,25.4
1/1/19 5:16,1745.63,1781.26,354.4662644,25.6
1/1/19 5:17,1749.97,1785.68,355.3458333,25.6
1/1/19 5:18,1823.6,1860.82,370.2985045,27.5
1/1/19 5:19,1940.67,1960.27,276.5301134,27.6
1/1/19 5:20,1817.11,1854.19,368.9791512,26.9
1/1/19 5:21,1899.1,1918.28,270.606695,24.9
1/1/19 5:22,1799.78,1836.51,365.4608756,26.2
1/1/19 5:23,1953.79,1973.53,278.4006666,26.8
1/1/19 5:24,1747.8,1783.47,354.9060489,26.7
1/1/19 5:25,1884.25,1922.7,382.6124691,27.4
1/1/19 5:26,1773.79,1809.99,360.1834623,28.4
1/1/19 5:27,1730.47,1765.79,351.3877733,27
1/1/19 5:28,1797.61,1834.3,365.210912,27.9
1/1/19 5:29,1754.3,1790.1,356.2254022,26.2
1/1/19 5:30,1843.1,1880.71,374.2565646,25.9
1/1/19 5:31,1756.46,1792.31,356.6651867,26
1/1/19 5:32,1821.44,1858.61,369.8587201,25.6
1/1/19 5:33,1819.27,1856.4,369.4189356,25.8
1/1/19 5:34,1784.62,1821.04,362.3823845,26.8
1/1/19 5:35,1749.97,1785.68,355.3458333,27.6
1/1/19 5:36,1736.13,1771.56,352.5359888,26.1
1/1/19 5:37,1762.24,1798.2,357.8372819,26.6
1/1/19 5:38,1872.84,1891.76,266.8655886,25.8
1/1/19 5:39,1739.14,1774.63,353.1469111,25.8
1/1/19 5:40,1936.29,1955.85,275.9065957,26.8
1/1/19 5:41,1894.72,1913.86,269.9831772,25.7
1/1/19 5:42,1920.98,1940.38,273.7242836,26.6
1/1/19 5:43,1990.99,2011.1,283.7005673,26.3
1/1/19 5:44,1805.02,1823.25,257.2010637,27.4
1/1/19 5:45,1825.77,1863.03,370.738289,24.2
1/1/19 5:46,1775.29,1811.52,360.4879284,25.4
1/1/19 5:47,1766.59,1802.64,358.7208307,25.6
1/1/19 5:48,1901.1,1920.3,270.891651,25.6
1/1/19 5:49,1842.73,1880.34,374.1829355,27.5
1/1/19 5:50,1866.66,1904.76,379.424541,27.6
1/1/19 5:51,1796.4,1833.06,364.7743343,26.9
1/1/19 5:52,1757.88,1793.76,356.953733,24.9
1/1/19 5:53,1942.86,1962.48,276.8418723,26.2
1/1/19 5:54,1792.69,1829.28,364.221238,26.8
1/1/19 5:55,1916.48,1935.84,273.838378,26.7
1/1/19 5:56,1775.29,1811.52,360.4879284,27.4
1/1/19 5:57,1777.47,1813.74,360.9297028,28.4
1/1/19 5:58,1816.07,1853.13,368.7682139,27
1/1/19 5:59,1832.99,1870.4,372.2049005,27.9
1/1/19 6:00,1802.26,1839.04,365.9643393,26.2
1/1/19 6:01,1857.14,1895.04,377.1081986,25.9
1/1/19 6:02,1806.65,1843.52,366.855848,26
1/1/19 6:03,1811.04,1848,367.7473568,25.6
1/1/19 6:04,1830.8,1868.16,371.7591461,25.8
1/1/19 6:05,1747.38,1783.04,354.82048,26.8
1/1/19 6:06,1864.15,1902.19,378.5310306,27.6
1/1/19 6:07,1805.14,1841.98,366.5493919,26.1
1/1/19 6:08,1851.03,1888.81,375.8684442,26.6
1/1/19 6:09,1819.82,1856.96,369.5303742,25.8
1/1/19 6:10,1808.84,1845.76,367.3016024,25.8
1/1/19 6:11,1819.82,1856.96,369.5303742,26.8
1/1/19 6:12,1721.04,1756.16,349.4714275,25.7
1/1/19 6:13,1800.06,1836.8,365.5185849,26.6
1/1/19 6:14,1771.53,1807.68,359.7237781,26.3
1/1/19 6:15,1760.55,1796.48,357.4950062,27.4
1/1/19 6:16,1790.44,1808.53,255.1245522,24.2
1/1/19 6:17,1676.51,1693.44,238.8891098,25.4
1/1/19 6:18,1803.69,1821.91,257.120335,25.6
1/1/19 6:19,1854.47,1873.2,264.2473784,25.6
1/1/19 6:20,1894.21,1913.34,269.9098222,27.5
1/1/19 6:21,1829.52,1848,260.6924809,27.6
1/1/19 6:22,1860.57,1879.36,265.1163533,26.9
1/1/19 6:23,1820.65,1839.04,259.4285174,24.9
1/1/19 6:24,1789.6,1807.68,255.4645,26.2
1/1/19 6:25,1811.78,1830.08,258.1645538,26.8
1/1/19 6:26,1767.43,1785.28,251.8447361,26.7
1/1/19 6:27,1786.03,1804.07,254.4953918,27.4
1/1/19 6:28,1760.77,1778.56,250.8967634,28.4
1/1/19 6:29,1756.04,1773.78,250.2224615,27
1/1/19 6:30,1846.15,1864.8,263.624125,27.9
1/1/19 6:31,1767.03,1784.88,251.7883092,26.2
1/1/19 6:32,1736.26,1753.8,247.4039356,25.9
1/1/19 6:33,1773.62,1791.54,252.7278178,26
1/1/19 6:34,1791.21,1809.3,255.2331741,25.6
1/1/19 6:35,1929.67,1949.16,274.962855,25.8
1/1/19 6:36,1764.83,1782.66,251.4751396,26.8
1/1/19 6:37,1927.47,1946.94,274.6496855,27.6
1/1/19 6:38,1854.94,1873.68,264.3150907,26.1
1/1/19 6:39,1824.17,1842.6,259.9307172,26.6
1/1/19 6:40,1854.94,1873.68,264.3150907,25.8
1/1/19 6:41,1808.79,1827.06,257.7385304,25.8
1/1/19 6:42,1752.91,1770.62,249.7766886,26.8
1/1/19 6:43,1702.14,1719.33,242.5413437,25.7
1/1/19 6:44,1737.46,1755.01,247.5746271,26.6
1/1/19 6:45,1803.69,1821.91,257.120335,26.3
1/1/19 6:46,1867.71,1886.58,266.1348596,27.4
1/1/19 6:47,1785.47,1821.91,362.5555123,24.2
1/1/19 6:48,1782.5,1818.88,361.9525499,25.4
1/1/19 6:49,1740.79,1776.32,353.4832169,25.6
1/1/19 6:50,1761.43,1797.38,357.6741039,25.6
1/1/19 6:51,1770.17,1806.3,359.4491615,27.5
1/1/19 6:52,1764.94,1800.96,358.3865149,27.6
1/1/19 6:53,1842.29,1879.89,374.933866,26.9
1/1/19 6:54,1781.1,1817.45,361.6679835,24.9
1/1/19 6:55,1695.87,1730.48,344.361172,26.2
1/1/19 6:56,1717.72,1752.78,348.798816,26.8
1/1/19 6:57,1763.62,1799.61,358.1178683,26.7
1/1/19 6:58,1754.88,1790.69,356.3428108,27.4
1/1/19 6:59,1698.06,1732.71,344.8049364,28.4
1/1/19 7:00,1725.81,1743.24,245.91,27
1/1/19 7:01,1598.65,1614.8,227.8,27.9
1/1/19 7:02,1647.76,1664.4,234.79,26.2
1/1/19 7:03,1669.44,1686.3,237.88,25.9
1/1/19 7:04,1675.94,1692.87,238.81,26
1/1/19 7:05,1707.55,1724.8,243.31,25.6
1/1/19 7:06,1608.38,1641.2,326.59,25.8
1/1/19 7:07,1639.51,1672.97,332.92,26.8
1/1/19 7:08,1649.34,1683,334.91,27.6
1/1/19 7:09,1650.34,1684.02,335.12,26.1
1/1/19 7:10,1625.62,1658.8,330.1,26.6
1/1/19 7:11,1624.35,1657.5,329.84,25.8
1/1/19 7:12,1651.5,1685.2,335.35,25.8
1/1/19 7:13,1626.52,1659.71,330.28,26.8
1/1/19 7:14,1680.66,1714.96,341.27,25.7
1/1/19 7:15,1642.58,1676.1,333.54,26.6
1/1/19 7:16,1642.21,1658.8,234.,26.3
1/1/19 7:17,1620.43,1636.8,230.9,27.4
1/1/19 7:18,1663.99,1680.8,237.11,24.2
1/1/19 7:19,1646.57,1663.2,234.62,25.4
1/1/19 7:20,1642.21,1658.8,234.,25.6
1/1/19 7:21,1620.43,1636.8,230.9,25.6
1/1/19 7:22,1625.61,1642.03,231.64,27.5
1/1/19 7:23,1664.99,1681.81,237.25,27.6
1/1/19 7:24,1686.87,1703.91,240.37,26.9
1/1/19 7:25,1658.43,1675.18,236.31,24.9
1/1/19 7:26,1645.3,1661.92,234.44,26.2
1/1/19 7:27,1634.36,1650.87,232.88,26.8
1/1/19 7:28,1656.24,1672.97,236.,26.7
1/1/19 7:29,1668.35,1685.2,237.73,27.4
1/1/19 7:30,1644.39,1661,234.31,28.4
1/1/19 7:31,1655.28,1672,235.86,27
1/1/19 7:32,1694.48,1711.6,241.45,27.9
1/1/19 7:33,1690.13,1707.2,240.83,26.2
1/1/19 7:34,1696.66,1713.8,241.76,25.9
1/1/19 7:35,1683.59,1700.6,239.9,26
1/1/19 7:36,1642.21,1658.8,234.,25.6
1/1/19 7:37,1655.28,1672,235.86,25.8
1/1/19 7:38,1685.77,1702.8,240.21,26.8
1/1/19 7:39,1683.59,1700.6,239.9,27.6
1/1/19 7:40,1748.93,1766.6,249.21,26.1
1/1/19 7:41,1674.88,1691.8,238.66,26.6
1/1/19 7:42,1730.14,1747.62,246.53,25.8
1/1/19 7:43,1703.2,1720.4,242.69,25.8
1/1/19 7:44,1671.61,1688.49,238.19,26.8
1/1/19 7:45,1680.28,1697.25,239.43,25.7
1/1/19 7:46,1701.96,1719.15,242.52,26.6
1/1/19 7:47,1677.37,1711.6,340.6,26.3
1/1/19 7:48,1724.8,1760,350.24,27.4
1/1/19 7:49,1700.15,1734.85,345.23,24.2
1/1/19 7:50,1688.15,1722.6,342.79,25.4
1/1/19 7:51,1684.99,1719.38,342.15,25.6
1/1/19 7:52,1690.3,1724.8,343.23,25.6
1/1/19 7:53,1650.34,1684.02,335.12,27.5
1/1/19 7:54,1716.18,1751.2,348.48,27.6
1/1/19 7:55,1744.2,1779.8,354.18,26.9
1/1/19 7:56,1690.3,1724.8,343.23,24.9
1/1/19 7:57,1670.9,1705,339.29,26.2
1/1/19 7:58,1680.47,1714.77,341.23,26.8
1/1/19 7:59,1647.18,1680.8,334.47,26.7
1/1/19 8:00,1686.91,1721.34,342.54,27.4
1/1/19 8:01,1653.65,1687.4,335.79,28.4
1/1/19 8:02,1718.33,1753.4,348.92,27
1/1/19 8:03,1793.79,1830.4,364.25,27.9
1/1/19 8:04,1668.74,1702.8,338.85,26.2
1/1/19 8:05,1649.34,1683,334.91,25.9
1/1/19 8:06,1660.12,1694,337.1,26
1/1/19 8:07,1680.47,1714.77,341.23,25.6
1/1/19 8:08,1682.62,1716.96,341.67,25.8
1/1/19 8:09,1677.37,1711.6,340.6,26.8
1/1/19 8:10,1690.3,1724.8,343.23,27.6
1/1/19 8:11,1676.33,1710.54,340.39,26.1
1/1/19 8:12,1682.83,1717.17,341.71,26.6
1/1/19 8:13,1690.44,1724.94,343.26,25.8
1/1/19 8:14,1657.81,1691.64,336.63,25.8
1/1/19 8:15,1699.14,1733.82,345.3,26.8
1/1/19 8:16,1681.74,1716.06,341.49,25.7
1/1/19 8:17,1677.39,1711.62,340.61,26.6
1/1/19 8:18,1699.14,1733.82,345.3,26.3
1/1/19 8:19,1664.33,1698.3,337.96,27.4
1/1/19 8:20,1659.98,1693.86,337.7,24.2
1/1/19 8:21,1668.69,1702.74,338.84,25.4
1/1/19 8:22,1743.47,1779.05,354.3,25.6
1/1/19 8:23,1758.63,1794.52,357.1,25.6
1/1/19 8:24,1683.91,1718.28,341.93,27.5
1/1/19 8:25,1691.49,1726.01,343.47,27.6
1/1/19 8:26,1676.33,1710.54,340.39,26.9
1/1/19 8:27,1687.16,1721.59,342.59,24.9
1/1/19 8:28,1767.92,1804,358.99,26.2
1/1/19 8:29,1667.67,1701.7,338.63,26.8
1/1/19 8:30,1676.33,1710.54,340.39,26.7
1/1/19 8:31,1717.48,1752.53,348.75,27.4
1/1/19 8:32,1706.65,1741.48,346.55,28.4
1/1/19 8:33,1783.01,1819.4,362.6,27
1/1/19 8:34,1836.91,1874.4,373.,27.9
1/1/19 8:35,1706.65,1741.48,346.55,26.2
1/1/19 8:36,1672,1706.12,339.51,25.9
1/1/19 8:37,1697.99,1732.64,344.79,26
1/1/19 8:38,1714.02,1749,348.5,25.6
1/1/19 8:39,1679.52,1713.8,341.4,25.8
1/1/19 8:40,1685.99,1720.4,342.36,26.8
1/1/19 8:41,1754.98,1790.8,356.36,27.6
1/1/19 8:42,1681.74,1716.06,341.49,26.1
1/1/19 8:43,1669.65,1703.72,339.4,26.6
1/1/19 8:44,1671.83,1705.95,339.48,25.8
1/1/19 8:45,1670.86,1704.96,339.28,25.8
1/1/19 8:46,1680.57,1714.87,341.25,26.8
1/1/19 8:47,1762.64,1780.44,251.16,25.7
1/1/19 8:48,1701.1,1718.28,242.39,26.6
1/1/19 8:49,1694.5,1711.62,241.45,26.3
1/1/19 8:50,1683.51,1700.52,239.89,27.4
1/1/19 8:51,1687.91,1704.96,240.51,24.2
1/1/19 8:52,1681.32,1698.3,239.57,25.4
1/1/19 8:53,1716.48,1733.82,244.59,25.6
1/1/19 8:54,1767.82,1785.68,251.9,25.6
1/1/19 8:55,1821.98,1840.38,259.62,27.5
1/1/19 8:56,1859.72,1878.5,265.,27.6
1/1/19 8:57,1735,1752.53,247.22,26.9
1/1/19 8:58,1770.01,1787.89,252.21,24.9
1/1/19 8:59,1822.52,1840.93,259.7,26.2
1/1/19 9:00,1800.64,1818.83,256.58,26.8
1/1/19 9:01,1780.22,1798.2,253.67,26.7
1/1/19 9:02,1696.7,1713.84,241.77,27.4
1/1/19 9:03,1729.67,1747.14,246.46,28.4
1/1/19 9:04,1720.88,1738.26,245.21,27
1/1/19 9:05,1756.04,1773.78,250.22,27.9
1/1/19 9:06,1716.48,1733.82,244.59,26.2
1/1/19 9:07,1764.83,1782.66,251.48,25.9
1/1/19 9:08,1770.01,1787.89,252.21,26
1/1/19 9:09,1756.88,1774.63,250.34,25.6
1/1/19 9:10,1756.88,1774.63,250.34,25.8
1/1/19 9:11,1730.63,1748.11,246.6,26.8
1/1/19 9:12,1745.94,1763.58,248.78,27.6
1/1/19 9:13,1800.64,1818.83,256.58,26.1
1/1/19 9:14,1735,1752.53,247.22,26.6
1/1/19 9:15,1735,1752.53,247.22,25.8
1/1/19 9:16,1859.72,1878.5,265.,25.8
1/1/19 9:17,1731.87,1749.36,246.78,26.8
1/1/19 9:18,1698.9,1716.06,242.8,25.7
1/1/19 9:19,1717.5,1734.85,244.73,26.6
1/1/19 9:20,1817.58,1835.94,258.99,26.3
1/1/19 9:21,1745.05,1762.68,248.66,27.4
1/1/19 9:22,1720.88,1738.26,245.21,24.2
1/1/19 9:23,1731.87,1749.36,246.78,25.4
1/1/19 9:24,1743.76,1761.37,248.47,25.6
1/1/19 9:25,1791.89,1809.99,255.33,25.6
1/1/19 9:26,1708.75,1726.01,243.48,27.5
1/1/19 9:27,1765.64,1783.47,251.59,27.6
1/1/19 9:28,1738.46,1756.02,247.72,26.9
1/1/19 9:29,1791.89,1809.99,255.33,24.9
1/1/19 9:30,1764.83,1782.66,251.48,26.2
1/1/19 9:31,1749.45,1767.12,249.28,26.8
1/1/19 9:32,1741.57,1759.16,248.16,26.7
1/1/19 9:33,1780.22,1798.2,253.67,27.4
1/1/19 9:34,1786.81,1804.86,254.61,28.4
1/1/19 9:35,1751.65,1769.34,249.6,27
1/1/19 9:36,1710.94,1728.22,243.8,27.9
1/1/19 9:37,1753.84,1771.56,249.91,26.2
1/1/19 9:38,1802.2,1820.4,256.8,25.9
1/1/19 9:39,1763.45,1781.26,251.28,26
1/1/19 9:40,1896.7,1915.86,270.27,25.6
1/1/19 9:41,1738.46,1756.02,247.72,25.8
1/1/19 9:42,1819.78,1838.16,259.3,26.8
1/1/19 9:43,1762.64,1780.44,251.16,27.6
1/1/19 9:44,1770.01,1787.89,252.21,26.1
1/1/19 9:45,1813.19,1831.5,258.36,26.6
1/1/19 9:46,1731.87,1749.36,246.78,25.8
1/1/19 9:47,1733.95,1769.34,352.9,25.8
1/1/19 9:48,1768.76,1804.86,359.16,26.8
1/1/19 9:49,1702.43,1737.17,345.69,25.7
1/1/19 9:50,1702.43,1737.17,345.69,26.6
1/1/19 9:51,1710.02,1744.92,347.23,26.3
1/1/19 9:52,1722.1,1757.24,349.69,27.4
1/1/19 9:53,1726.47,1761.7,350.57,24.2
1/1/19 9:54,1689.31,1723.79,343.3,25.4
1/1/19 9:55,1833.55,1870.97,372.32,25.6
1/1/19 9:56,1722.1,1757.24,349.69,25.6
1/1/19 9:57,1739.58,1775.08,353.24,27.5
1/1/19 9:58,1816.07,1853.13,368.77,27.6
1/1/19 9:59,1695.87,1730.48,344.36,26.9
1/1/19 10:00,1746.13,1781.77,354.57,24.9
1/1/19 10:01,1840.11,1877.66,373.65,26.2
1/1/19 10:02,1787.66,1824.14,363.,26.8
1/1/19 10:03,1782.5,1818.88,361.95,26.7
1/1/19 10:04,1764.94,1800.96,358.39,27.4
1/1/19 10:05,1757.06,1792.92,356.79,28.4
1/1/19 10:06,1692.5,1727.04,343.68,27
1/1/19 10:07,1717.72,1752.78,348.8,27.9
1/1/19 10:08,1761.43,1797.38,357.67,26.2
1/1/19 10:09,1715.54,1750.55,348.36,25.9
1/1/19 10:10,1729.82,1765.12,351.25,26
1/1/19 10:11,1770.17,1806.3,359.45,25.6
1/1/19 10:12,1691.5,1726.02,343.47,25.8
1/1/19 10:13,1738.6,1774.08,353.4,26.8
1/1/19 10:14,1701.28,1736,345.46,27.6
1/1/19 10:15,1802.26,1839.04,365.96,26.1
1/1/19 10:16,1696.89,1731.52,344.57,26.6
1/1/19 10:17,1692.5,1727.04,343.68,25.8
1/1/19 10:18,1830.8,1868.16,371.76,25.8
1/1/19 10:19,1692.5,1727.04,343.68,26.8
1/1/19 10:20,1701.28,1736,345.46,25.7
1/1/19 10:21,1793.48,1830.08,364.18,26.6
1/1/19 10:22,1710.06,1744.96,347.24,26.3
1/1/19 10:23,1695.65,1730.25,344.32,27.4
1/1/19 10:24,1727.62,1762.88,350.81,24.2
1/1/19 10:25,1693.44,1728,343.87,25.4
1/1/19 10:26,1750.77,1786.5,355.51,25.6
1/1/19 10:27,1700.97,1735.68,345.4,25.6
1/1/19 10:28,1702.26,1737,345.66,27.5
1/1/19 10:29,1733.13,1768.5,351.93,27.6
1/1/19 10:30,1747.48,1783.14,354.84,26.9
1/1/19 10:31,1747.48,1783.14,354.84,24.9
1/1/19 10:32,1746.36,1782,354.61,26.2
1/1/19 10:33,1720.9,1756.02,349.44,26.8
1/1/19 10:34,1716.65,1751.68,348.58,26.7
1/1/19 10:35,1690.3,1724.8,343.23,27.4
1/1/19 10:36,1690.3,1724.8,343.23,28.4
1/1/19 10:37,1735.21,1770.62,352.35,27
1/1/19 10:38,1763.62,1799.61,358.12,27.9
1/1/19 10:39,1747.01,1782.66,354.74,26.2
1/1/19 10:40,1840.56,1878.12,373.74,25.9
1/1/19 10:41,1794.21,1830.83,364.33,26
1/1/19 10:42,1707.87,1742.72,346.8,25.6
1/1/19 10:43,1789.09,1825.6,363.29,25.8
1/1/19 10:44,1716.65,1751.68,348.58,26.8
1/1/19 10:45,1776.73,1812.99,360.78,27.6
1/1/19 10:46,1732.01,1767.36,351.7,26.1
1/1/19 10:47,1708.98,1743.86,347.2,26.6
1/1/19 10:48,1787.66,1824.14,363.,25.8
1/1/19 10:49,1748.32,1784,355.1,25.8
1/1/19 10:50,1698.06,1732.71,344.8,26.8
1/1/19 10:51,1907.85,1946.79,387.41,25.7
1/1/19 10:52,1776.73,1812.99,360.78,26.6
1/1/19 10:53,1776.73,1812.99,360.78,26.3
1/1/19 10:54,1855.4,1893.27,376.76,27.4
1/1/19 10:55,1708.98,1743.86,347.2,24.2
1/1/19 10:56,1752.69,1788.46,355.9,25.4
1/1/19 10:57,1783.99,1820.4,362.26,25.6
1/1/19 10:58,1719.91,1755.01,349.24,25.6
1/1/19 10:59,1820.44,1857.59,369.66,27.5
1/1/19 11:00,1770.94,1807.08,359.6,27.6
1/1/19 11:01,1735.21,1770.62,352.35,26.9
1/1/19 11:02,1779.64,1815.96,361.37,24.9
1/1/19 11:03,1770.94,1807.08,359.6,26.2
1/1/19 11:04,1757.88,1793.76,356.95,26.8
1/1/19 11:05,1733.95,1769.34,352.9,26.7
1/1/19 11:06,1838.38,1875.9,373.3,27.4
1/1/19 11:07,1725.25,1760.46,350.33,28.4
1/1/19 11:08,1858.26,1896.18,377.34,27
1/1/19 11:09,1831.86,1869.24,371.97,27.9
1/1/19 11:10,1819.27,1856.4,369.42,26.2
1/1/19 11:11,1838.76,1876.29,373.38,25.9
1/1/19 11:12,1864.75,1902.81,378.65,26
1/1/19 11:13,1888.16,1907.23,269.5,25.6
1/1/19 11:14,1790.52,1827.06,363.58,25.8
1/1/19 11:15,1775.96,1812.2,360.62,26.8
1/1/19 11:16,1812.77,1849.77,368.1,27.6
1/1/19 11:17,1868.47,1887.34,266.24,26.1
1/1/19 11:18,1855.34,1874.08,264.37,26.6
1/1/19 11:19,1747.8,1783.47,354.91,25.8
1/1/19 11:20,1795.45,1832.09,364.58,25.8
1/1/19 11:21,1851.76,1889.55,376.2,26.8
1/1/19 11:22,1773.79,1809.99,360.18,25.7
1/1/19 11:23,1758.63,1794.52,357.1,26.6
1/1/19 11:24,1849.12,1867.8,263.49,26.3
1/1/19 11:25,1788.95,1825.46,363.26,27.4
1/1/19 11:26,1775.96,1812.2,360.62,24.2
1/1/19 11:27,1773.79,1809.99,360.18,25.4
1/1/19 11:28,1776.54,1812.8,360.74,25.6
1/1/19 11:29,1812.1,1830.4,258.21,25.6
1/1/19 11:30,1774.39,1810.6,360.3,27.5
1/1/19 11:31,1853.48,1872.2,264.11,27.6
1/1/19 11:32,1768.47,1804.56,359.1,26.9
1/1/19 11:33,1845.54,1883.2,374.75,24.9
1/1/19 11:34,1757.74,1793.61,356.92,26.2
1/1/19 11:35,1827.94,1865.24,371.18,26.8
1/1/19 11:36,1773.79,1809.99,360.18,26.7
1/1/19 11:37,1819.27,1856.4,369.42,27.4
1/1/19 11:38,1834.76,1872.2,372.56,28.4
1/1/19 11:39,1844.77,1863.4,262.86,27
1/1/19 11:40,1778.7,1815,361.18,27.9
1/1/19 11:41,1808.44,1845.35,367.22,26.2
1/1/19 11:42,1824.71,1843.14,260.1,25.9
1/1/19 11:43,1757.14,1793,356.8,26
1/1/19 11:44,1757.14,1793,356.8,25.6
1/1/19 11:45,1731.27,1766.6,351.55,25.8
1/1/19 11:46,1735.58,1771,352.42,26.8
1/1/19 11:47,1742.66,1778.22,353.86,27.6
1/1/19 11:48,1883.51,1902.54,268.39,26.1
1/1/19 11:49,1783.99,1820.4,362.26,26.6
1/1/19 11:50,1894.5,1913.64,269.95,25.8
1/1/19 11:51,1736.13,1771.56,352.54,25.8
1/1/19 11:52,1812.27,1849.26,368.,26.8
1/1/19 11:53,1773.11,1809.3,360.5,25.7
1/1/19 11:54,1751.36,1787.1,355.63,26.6
1/1/19 11:55,1788.34,1824.84,363.14,26.3
1/1/19 11:56,1840.56,1878.12,373.74,27.4
1/1/19 11:57,1729.6,1764.9,351.21,24.2
1/1/19 11:58,1720.9,1756.02,349.44,25.4
1/1/19 11:59,1739.14,1774.63,353.15,25.6
1/1/19 12:00,1875.58,1913.86,380.85,25.6
1/1/19 12:01,1814.94,1851.98,368.54,27.5
1/1/19 12:02,1773.79,1809.99,360.18,27.6
1/1/19 12:03,1890.5,1909.6,269.38,26.9
1/1/19 12:04,1793.79,1830.4,364.25,24.9
1/1/19 12:05,1763.61,1799.6,358.12,26.2
1/1/19 12:06,1749.97,1785.68,355.35,26.8
1/1/19 12:07,1730.47,1765.79,351.39,26.7
1/1/19 12:08,1748.52,1784.2,355.5,27.4
1/1/19 12:09,1783.01,1819.4,362.6,28.4
1/1/19 12:10,1724.8,1760,350.24,27
1/1/19 12:11,1767.92,1804,358.99,27.9
1/1/19 12:12,1757.74,1793.61,356.92,26.2
1/1/19 12:13,1774.39,1810.6,360.3,25.9
1/1/19 12:14,1802.81,1839.6,366.8,26
1/1/19 12:15,1761.45,1797.4,357.68,25.6
1/1/19 12:16,1905.76,1925.01,271.56,25.8
1/1/19 12:17,1862.4,1881.21,265.38,26.8
1/1/19 12:18,1914.43,1933.77,272.79,27.6
1/1/19 12:19,1772.23,1808.4,359.87,26.1
1/1/19 12:20,1754.98,1790.8,356.36,26.6
1/1/19 12:21,1776.54,1812.8,360.74,25.8
1/1/19 12:22,1772.23,1808.4,359.87,25.8
1/1/19 12:23,1759.3,1795.2,357.24,26.8
1/1/19 12:24,1780.29,1816.62,361.5,25.7
1/1/19 12:25,1784.62,1821.04,362.38,26.6
1/1/19 12:26,1747.8,1783.47,354.91,26.3
1/1/19 12:27,1754.3,1790.1,356.23,27.4
1/1/19 12:28,1758.63,1794.52,357.1,24.2
1/1/19 12:29,1866.92,1905.02,379.9,25.4
1/1/19 12:30,1806.28,1843.14,366.78,25.6
1/1/19 12:31,1925.35,1944.8,274.35,25.6
1/1/19 12:32,1804.11,1840.93,366.34,27.5
1/1/19 12:33,1931.92,1951.43,275.28,27.6
1/1/19 12:34,1888.16,1907.23,269.5,26.9
1/1/19 12:35,1737.74,1773.2,352.86,24.9
1/1/19 12:36,1897.24,1935.96,385.25,26.2
1/1/19 12:37,1953.67,1973.4,278.38,26.8
1/1/19 12:38,1864.37,1883.2,265.66,26.7
1/1/19 12:39,1849.59,1887.34,375.58,27.4
1/1/19 12:40,1762.96,1798.94,357.98,28.4
1/1/19 12:41,1791.12,1827.67,363.7,27
1/1/19 12:42,1748.52,1784.2,355.5,27.9
1/1/19 12:43,1775.96,1812.2,360.62,26.2
1/1/19 12:44,1762.96,1798.94,357.98,25.9
1/1/19 12:45,1849.59,1887.34,375.58,26
1/1/19 12:46,1793.28,1829.88,364.14,25.6
1/1/19 12:47,1765.13,1801.15,358.42,25.8
1/1/19 12:48,1767.29,1803.36,358.86,26.8
1/1/19 12:49,1795.45,1832.09,364.58,27.6
1/1/19 12:50,1806.28,1843.14,366.78,26.1
1/1/19 12:51,1760.8,1796.73,357.54,26.6
1/1/19 12:52,1773.79,1809.99,360.18,25.8
1/1/19 12:53,1749.97,1785.68,355.35,25.8
1/1/19 12:54,1745.63,1781.26,354.47,26.8
1/1/19 12:55,1784.62,1821.04,362.38,25.7
1/1/19 12:56,1842.59,1861.2,262.55,26.6
1/1/19 12:57,1747.8,1783.47,354.91,26.3
1/1/19 12:58,1808.44,1845.35,367.22,27.4
1/1/19 12:59,1797.61,1834.3,365.2,24.2
1/1/19 13:00,1742.66,1778.22,353.86,25.4
1/1/19 13:01,1742.66,1778.22,353.86,25.6
1/1/19 13:02,1832.27,1869.66,372.6,25.6
1/1/19 13:03,1864.75,1902.81,378.65,27.5
1/1/19 13:04,1784.62,1821.04,362.38,27.6
1/1/19 13:05,1758.63,1794.52,357.1,26.9
1/1/19 13:06,1802.42,1839.2,366.,24.9
1/1/19 13:07,1780.29,1816.62,361.5,26.2
1/1/19 13:08,1788.95,1825.46,363.26,26.8
1/1/19 13:09,1806.28,1843.14,366.78,26.7
1/1/19 13:10,1804.11,1840.93,366.34,27.4
1/1/19 13:11,1773.79,1809.99,360.18,28.4
1/1/19 13:12,1742.66,1778.22,353.86,27
1/1/19 13:13,1728.31,1763.58,350.95,27.9
1/1/19 13:14,1870.9,1889.8,266.59,26.2
1/1/19 13:15,1717.48,1752.53,348.75,25.9
1/1/19 13:16,1750.32,1768,249.41,26
1/1/19 13:17,1682.5,1699.49,239.74,25.6
1/1/19 13:18,1713.13,1730.43,244.11,25.8
1/1/19 13:19,1745.94,1763.58,248.78,26.8
1/1/19 13:20,1694.5,1711.62,241.45,27.6
1/1/19 13:21,1715.38,1732.71,244.43,26.1
1/1/19 13:22,1750.71,1768.39,249.46,26.6
1/1/19 13:23,1728.63,1746.09,246.32,25.8
1/1/19 13:24,1792.65,1810.76,255.44,25.8
1/1/19 13:25,1702.14,1719.33,242.54,26.8
1/1/19 13:26,1719.8,1737.17,245.6,25.7
1/1/19 13:27,1708.76,1726.02,243.49,26.6
1/1/19 13:28,1724.21,1741.63,245.69,26.3
1/1/19 13:29,1713.18,1730.48,244.11,27.4
1/1/19 13:30,1706.55,1723.79,243.17,24.2
1/1/19 13:31,1733.04,1750.55,246.95,25.4
1/1/19 13:32,1841.22,1859.82,262.36,25.6
1/1/19 13:33,1784.61,1802.64,254.29,25.6
1/1/19 13:34,1742.86,1760.46,248.34,27.5
1/1/19 13:35,1706.55,1723.79,243.17,27.6
1/1/19 13:36,1707.69,1724.94,243.33,26.9
1/1/19 13:37,1706.55,1723.79,243.17,24.9
1/1/19 13:38,1725.27,1742.7,245.84,26.2
1/1/19 13:39,1684.48,1701.49,240.2,26.8
1/1/19 13:40,1800,1818.18,256.49,26.7
1/1/19 13:41,1725.27,1742.7,245.84,27.4
1/1/19 13:42,1701.1,1718.28,242.39,28.4
1/1/19 13:43,1852.75,1871.46,264.,27
1/1/19 13:44,1753.84,1771.56,249.91,27.9
1/1/19 13:45,1719.8,1737.17,245.6,26.2
1/1/19 13:46,1708.76,1726.02,243.49,25.9
1/1/19 13:47,1791.28,1827.84,363.74,26
1/1/19 13:48,1734.21,1769.6,352.15,25.6
1/1/19 13:49,1756.16,1792,356.6,25.8
1/1/19 13:50,1782.5,1818.88,361.95,26.8
1/1/19 13:51,1835.19,1872.64,372.65,27.6
1/1/19 13:52,1740.79,1776.32,353.48,26.1
1/1/19 13:53,1760.55,1796.48,357.5,26.6
1/1/19 13:54,1740.79,1776.32,353.48,25.8
1/1/19 13:55,1713.29,1748.25,347.9,25.8
1/1/19 13:56,1739.75,1775.25,353.27,26.8
1/1/19 13:57,1748.57,1784.25,355.6,25.7
1/1/19 13:58,1717.7,1752.75,348.79,26.6
1/1/19 13:59,1786.89,1823.36,362.84,26.3
1/1/19 14:00,1538.84,1570.24,312.4738146,27.4
1/1/19 14:01,1538.52,1569.92,312.4101355,24.2
1/1/19 14:02,1584.42,1616.75,321.7291878,25.4
1/1/19 14:03,1575.67,1607.83,319.9541302,25.6
1/1/19 14:04,1623.75,1656.89,329.7169469,25.6
1/1/19 14:05,1592.54,1625.04,323.378877,27.5
1/1/19 14:06,1615.69,1648.66,328.791976,27.6
1/1/19 14:07,1583.2,1615.51,321.4824309,26.9
1/1/19 14:08,1596.89,1629.48,324.2624258,24.9
1/1/19 14:09,1590.36,1622.82,322.9371025,26.2
1/1/19 14:10,1630.85,1664.13,331.1576887,26.8
1/1/19 14:11,1614.3,1647.24,327.7966212,26.7
1/1/19 14:12,1601.24,1633.92,325.1459746,27.4
1/1/19 14:13,1592.54,1625.04,323.378877,28.4
1/1/19 14:14,1628.68,1661.92,330.7179043,27
1/1/19 14:15,1609.19,1642.03,326.7598443,27.9
1/1/19 14:16,1590.36,1622.82,322.9371025,26.2
1/1/19 14:17,1592.54,1625.04,323.378877,25.9
1/1/19 14:18,1669.83,1703.91,339.738088,26
1/1/19 14:19,1602.69,1635.4,325.4404909,25.6
1/1/19 14:20,1596.19,1628.77,324.1211376,25.8
1/1/19 14:21,1639.51,1672.97,332.9168265,26.8
1/1/19 14:22,1652.51,1686.23,335.5555332,27.6
1/1/19 14:23,1665.5,1699.49,338.1942399,26.1
1/1/19 14:24,1650.34,1684.02,335.1157488,26.6
1/1/19 14:25,1691.49,1726.01,343.4716533,25.8
1/1/19 14:26,1633.01,1666.34,331.5974732,25.8
1/1/19 14:27,1728.31,1763.58,350.9479889,26.8
1/1/19 14:28,1613.52,1646.45,327.6394132,25.7
1/1/19 14:29,1609.19,1642.03,326.7598443,26.6
1/1/19 14:30,1611.36,1644.24,327.1996287,26.3
1/1/19 14:31,1596.19,1628.77,324.1211376,27.4
1/1/19 14:32,1606.22,1639,326.1568819,24.2
1/1/19 14:33,1614.84,1647.8,327.9080598,25.4
1/1/19 14:34,1612.69,1645.6,327.4702653,25.6
1/1/19 14:35,1642.87,1676.4,333.5993879,25.6
1/1/19 14:36,1652.57,1686.3,335.569463,27.5
1/1/19 14:37,1678.33,1712.58,340.799117,27.6
1/1/19 14:38,1678.33,1712.58,340.799117,26.9
1/1/19 14:39,1639.7,1673.16,332.9546361,24.9
1/1/19 14:40,1632.09,1665.4,331.4104156,26.2
1/1/19 14:41,1646.14,1679.73,334.2620495,26.8
1/1/19 14:42,1635.4,1668.78,332.830271,26.7
1/1/19 14:43,1659.98,1693.86,337.73884,27.4
1/1/19 14:44,1649.3,1682.96,334.9048114,28.4
1/1/19 14:45,1637.55,1670.97,332.5188316,27
1/1/19 14:46,1669.74,1703.82,339.55899,27.9
1/1/19 14:47,1661.16,1695.06,337.312681,26.2
1/1/19 14:48,1620.38,1653.45,329.323956,25.9
1/1/19 14:49,1659.01,1692.87,336.8768765,26
1/1/19 14:50,1645.03,1678.6,334.371824,25.6
1/1/19 14:51,1649.3,1682.96,334.9048114,25.8
1/1/19 14:52,1659.98,1693.86,337.73884,26.8
1/1/19 14:53,1749.71,1785.42,355.294094,27.6
1/1/19 14:54,1698.44,1733.1,344.8825454,26.1
1/1/19 14:55,1711.26,1746.18,347.4854326,26.6
1/1/19 14:56,1702.71,1737.46,345.7501745,25.8
1/1/19 14:57,1649.3,1682.96,334.9048114,25.8
1/1/19 14:58,1670.66,1704.76,339.2429567,26.8
1/1/19 14:59,1662.12,1696.04,337.5076986,25.7
1/1/19 15:00,1771.08,1807.22,359.6322392,26.6
1/1/19 15:01,1849.69,1868.37,263.566023,26.3
1/1/19 15:02,1753.98,1789.78,356.161723,27.4
1/1/19 15:03,1670.66,1704.76,339.2429567,24.2
1/1/19 15:04,1645.99,1679.58,334.2321999,25.4
1/1/19 15:05,1699.15,1733.83,345.278136,25.6
1/1/19 15:06,1705.53,1740.34,346.3232873,25.6
1/1/19 15:07,1673.63,1707.79,339.845919,27.5
1/1/19 15:08,1694.9,1729.49,344.1641645,27.6
1/1/19 15:09,1686.39,1720.81,342.4368663,26.9
1/1/19 15:10,1791.98,1810.08,255.3432066,24.9
1/1/19 15:11,1898.9,1918.08,270.5784815,26.2
1/1/19 15:12,1722.55,1757.7,349.7778836,26.8
1/1/19 15:13,1793.83,1811.95,255.6070026,26.7
1/1/19 15:14,1777.01,1794.96,253.2102681,27.4
1/1/19 15:15,1735.83,1753.36,247.341866,28.4
1/1/19 15:16,1731.54,1766.88,351.6046806,27
1/1/19 15:17,1720.96,1756.08,349.4555077,27.9
1/1/19 15:18,1697.03,1731.66,344.5959891,26.2
1/1/19 15:19,1689.21,1723.68,343.79891,25.9
1/1/19 15:20,1758.7,1794.59,357.118901,26
1/1/19 15:21,1711.91,1746.85,347.6187609,25.6
1/1/19 15:22,1802.42,1820.63,256.8314673,25.8
1/1/19 15:23,1845.39,1864.03,262.9537907,26.8
1/1/19 15:24,1875.38,1894.32,267.226721,27.6
1/1/19 15:25,1704.02,1738.8,346.168311,26.1
1/1/19 15:26,1680.74,1715.04,341.2886508,26.6
1/1/19 15:27,1699.79,1734.48,345.157162,25.8
1/1/19 15:28,1787.78,1824.27,363.251464,25.8
1/1/19 15:29,1693.35,1727.91,343.8497485,26.8
1/1/19 15:30,1779.2,1815.51,361.2819284,25.7
1/1/19 15:31,1753.98,1789.78,356.161723,26.6
1/1/19 15:32,1759.88,1795.8,357.3596879,26.3
1/1/19 15:33,1685.62,1720.02,342.2796583,27.4
1/1/19 15:34,1700.57,1735.28,345.31636,24.2
1/1/19 15:35,1711.26,1746.18,347.4854326,25.4
1/1/19 15:36,1700.57,1735.28,345.31636,25.6
1/1/19 15:37,1709.12,1744,347.516181,25.6
1/1/19 15:38,1739.03,1774.52,353.1250214,27.5
1/1/19 15:39,1730.48,1765.8,351.3897633,27.6
1/1/19 15:40,1713.39,1748.36,347.9192471,26.9
1/1/19 15:41,1830.35,1848.84,260.8109775,24.9
1/1/19 15:42,1705.53,1740.34,346.3232873,26.2
1/1/19 15:43,1869.02,1887.9,266.3210686,26.8
1/1/19 15:44,1836.8,1855.35,261.729326,26.7
1/1/19 15:45,1847.54,1866.2,263.2599069,27.4
1/1/19 15:46,1703.41,1738.17,345.8914627,28.4
1/1/19 15:47,1785.24,1803.27,254.3825379,27
1/1/19 15:48,1866.82,1885.68,266.7899,27.9
1/1/19 15:49,1732.62,1767.98,351.8235778,26.2
1/1/19 15:50,1709.79,1744.68,347.1869364,25.9
1/1/19 15:51,1836.8,1855.35,261.729326,26
1/1/19 15:52,1866.87,1885.73,266.149524,25.6
1/1/19 15:53,1711.91,1746.85,347.6187609,25.8
1/1/19 15:54,1898.9,1918.08,270.5784815,26.8
1/1/19 15:55,1808.87,1827.14,257.7498158,27.6
1/1/19 15:56,1881.79,1900.8,268.1408375,26.1
1/1/19 15:57,1778.79,1796.76,253.4641894,26.6
1/1/19 15:58,1718.64,1736,244.8929366,25.8
1/1/19 15:59,1720.42,1755.53,349.3460591,25.8
1/1/19 16:00,1785.56,1803.6,254.4290901,26.8
1/1/19 16:01,1772.35,1790.25,252.5458409,25.7
1/1/19 16:02,1755.63,1773.36,250.1632132,26.6
1/1/19 16:03,1794.12,1812.24,255.6479121,26.3
1/1/19 16:04,1716.17,1751.19,348.48241,27.4
1/1/19 16:05,1793.83,1811.95,255.6070026,24.2
1/1/19 16:06,1747.58,1783.24,354.8602795,25.4
1/1/19 16:07,1815.05,1833.38,258.6300761,25.6
1/1/19 16:08,1747.58,1783.24,354.8602795,25.6
1/1/19 16:09,1817.46,1835.82,258.9742805,27.5
1/1/19 16:10,1775.35,1811.58,360.4998683,27.6
1/1/19 16:11,1709.12,1744,347.516181,26.9
1/1/19 16:12,1757.31,1775.06,250.4030277,24.9
1/1/19 16:13,1828.2,1846.67,260.5048613,26.2
1/1/19 16:14,1935.25,1954.8,275.7584749,26.8
1/1/19 16:15,1858.27,1877.04,264.789077,26.7
1/1/19 16:16,1766.32,1784.16,251.6867407,27.4
1/1/19 16:17,1720.42,1755.53,349.3460591,28.4
1/1/19 16:18,1830.35,1848.84,260.8109775,27
1/1/19 16:19,1701.28,1736,345.4596382,27.9
1/1/19 16:20,1707.66,1742.51,346.7551118,26.2
1/1/19 16:21,1711.26,1746.18,347.4854326,25.9
1/1/19 16:22,1692.03,1726.56,343.5811019,26
1/1/19 16:23,1670.66,1704.76,339.2429567,25.6
1/1/19 16:24,1812.89,1831.2,258.3225493,25.8
1/1/19 16:25,1834.65,1853.18,261.4232098,26.8
1/1/19 16:26,1749.71,1785.42,355.294094,27.6
1/1/19 16:27,1819.36,1837.74,259.2451298,26.1
1/1/19 16:28,1745.44,1781.06,354.4264649,26.6
1/1/19 16:29,1768.05,1785.91,251.9336085,25.8
1/1/19 16:30,1754.62,1772.34,250.193245,25.8
1/1/19 16:31,1730.48,1765.8,351.3897633,26.8
1/1/19 16:32,1764.67,1800.68,358.3307956,25.7
1/1/19 16:33,1802.42,1820.63,256.8314673,26.6
1/1/19 16:34,1802.42,1820.63,256.8314673,26.3
1/1/19 16:35,1802.42,1820.63,256.8314673,27.4
1/1/19 16:36,1802.42,1820.63,256.8314673,24.2
1/1/19 16:37,1559.67,1575.42,222.24034,25.4
1/1/19 16:38,1624.11,1640.52,231.4238251,25.6
1/1/19 16:39,1576.85,1592.78,224.6892693,25.6
1/1/19 16:40,1828.2,1846.67,260.5048613,27.5
1/1/19 16:41,1778.36,1796.32,253.4021197,27.6
1/1/19 16:42,1886.27,1905.32,268.778462,26.9
1/1/19 16:43,1899.1,1918.28,270.606695,24.9
1/1/19 16:44,1727.23,1744.68,246.1174013,26.2
1/1/19 16:45,1759.46,1777.23,250.7091439,26.8
1/1/19 16:46,1832.5,1851.01,261.1170937,26.7
1/1/19 16:47,1735.83,1753.36,247.341866,27.4
1/1/19 16:48,1740.12,1757.7,247.9540983,28.4
1/1/19 16:49,1830.35,1848.84,260.8109775,27
1/1/19 16:50,1785.56,1803.6,254.4290901,27.9
1/1/19 16:51,1804.57,1822.8,257.1375834,26.2
1/1/19 16:52,1738.52,1756.08,247.7255692,25.9
1/1/19 16:53,1783.09,1801.1,254.764217,26
1/1/19 16:54,1765.9,1783.74,251.6274924,25.6
1/1/19 16:55,1916.28,1935.64,273.556243,25.8
1/1/19 16:56,1714.34,1731.66,244.2807043,26.8
1/1/19 16:57,1886.21,1905.26,268.7699979,27.6
1/1/19 16:58,1752.46,1770.16,249.7117976,26.1
1/1/19 16:59,1914.32,1933.66,272.7763109,26.6
1/1/19 17:00,1756.77,1774.52,250.3268513,25.8
1/1/19 17:01,1740.12,1757.7,247.9540983,25.8
1/1/19 17:02,1722.94,1740.34,245.5051689,26.8
1/1/19 17:03,1742.27,1759.87,248.2602145,25.7
1/1/19 17:04,1842.89,1861.5,262.5968903,26.6
1/1/19 17:05,1750.3,1767.98,249.4042708,26.3
1/1/19 17:06,1815.05,1833.38,258.6300761,27.4
1/1/19 17:07,1741.67,1759.26,248.1741634,24.2
1/1/19 17:08,1858.21,1876.98,264.780613,25.4
1/1/19 17:09,1821.2,1839.6,259.5075151,25.6
1/1/19 17:10,1832.31,1850.82,261.902909,25.6
1/1/19 17:11,1802.1,1820.3,256.784915,27.5
1/1/19 17:12,1735.19,1752.72,247.2515829,27.6
1/1/19 17:13,1754.62,1772.34,250.193245,26.9
1/1/19 17:14,1737.35,1754.9,247.5591097,24.9
1/1/19 17:15,1763.25,1781.06,251.2494318,26.2
1/1/19 17:16,1739.51,1757.08,247.8666366,26.8
1/1/19 17:17,1747.49,1765.14,249.36395,26.7
1/1/19 17:18,1740.98,1758.57,248.768269,27.4
1/1/19 17:19,1905.76,1925.01,271.5560783,28.4
1/1/19 17:20,1730.88,1748.36,246.6365292,27
1/1/19 17:21,1819.04,1837.41,259.1985776,27.9
1/1/19 17:22,1810.36,1828.65,257.9628275,26.2
1/1/19 17:23,1899.22,1918.4,270.623623,25.9
1/1/19 17:24,1803.38,1821.6,256.9683026,26
1/1/19 17:25,1720.62,1738,245.1750713,25.6
1/1/19 17:26,1722.8,1740.2,245.4854195,25.8
1/1/19 17:27,1809.39,1827.67,257.8245815,26.8
1/1/19 17:28,1850.96,1869.66,263.7479999,27.6
1/1/19 17:29,1778.76,1796.73,253.4599574,26.1
1/1/19 17:30,1815.38,1833.72,258.678039,26.6
1/1/19 17:31,1802.2,1820.4,256.7990218,25.8
1/1/19 17:32,1729.67,1747.14,246.464427,25.8
1/1/19 17:33,1819.14,1837.52,259.214095,26.8
1/1/19 17:34,1764.83,1782.66,251.4751396,25.7
1/1/19 17:35,1881.59,1900.6,268.112624,26.6
1/1/19 17:36,1694.5,1711.62,241.4537144,26.3
1/1/19 17:37,1736.26,1753.8,247.4039356,27.4
1/1/19 17:38,1714.28,1731.6,244.2722402,24.2
1/1/19 17:39,1668.13,1684.98,237.6956799,25.4
1/1/19 17:40,1794.08,1812.2,255.6422694,25.6
1/1/19 17:41,1670.33,1687.2,238.88494,25.6
1/1/19 17:42,1710.97,1728.25,243.7996646,27.5
1/1/19 17:43,1703.3,1720.5,242.7063925,27.6
1/1/19 17:44,1674.72,1691.64,238.6351885,26.9
1/1/19 17:45,1678.39,1712.64,340.8110569,24.9
1/1/19 17:46,1735.21,1770.62,352.3489312,26.2
1/1/19 17:47,1713.35,1748.32,347.9112872,26.8
1/1/19 17:48,1719.91,1755.01,349.2425804,26.7
1/1/19 17:49,1665.27,1699.26,338.1484705,27.4
1/1/19 17:50,1754.88,1790.69,356.3428108,28.4
1/1/19 17:51,1770.17,1806.3,359.4491615,27
1/1/19 17:52,1761.43,1797.38,357.6741039,27.9
1/1/19 17:53,1772.36,1808.53,359.8929259,26.2
1/1/19 17:54,1691.5,1726.02,343.4736432,25.9
1/1/19 17:55,1802.96,1839.75,366.1056275,26
1/1/19 17:56,1691.5,1726.02,343.4736432,25.6
1/1/19 17:57,1670.86,1704.96,339.2827562,25.8
1/1/19 17:58,1756.04,1773.78,250.2224615,26.8
1/1/19 17:59,1706.8,1741.63,346.579994,27.6
1/1/19 18:00,1853.22,1891.04,376.3122086,26.1
1/1/19 18:01,1921.05,1960.26,390.868147,26.6
1/1/19 18:02,1797.07,1815.22,256.682929,25.8
1/1/19 18:03,1718.72,1753.8,349.17934,25.8
1/1/19 18:04,1805.75,1842.6,366.6727703,26.8
1/1/19 18:05,1838.38,1875.9,373.2993867,25.7
1/1/19 18:06,1817.58,1835.94,258.9912085,26.6
1/1/19 18:07,1781.82,1818.18,361.8132517,26.3
1/1/19 18:08,1714.37,1749.36,348.1182446,27.4
1/1/19 18:09,1837.84,1856.4,261.8774467,24.2
1/1/19 18:10,1804.11,1840.93,366.3404445,25.4
1/1/19 18:11,1799.22,1835.94,365.3474471,25.6
1/1/19 18:12,1801.95,1838.72,365.9006601,25.6
1/1/19 18:13,1788.34,1824.84,363.1385749,27.5
1/1/19 18:14,1710.98,1745.9,347.4297133,27.6
1/1/19 18:15,1805.75,1842.6,366.6727703,26.9
1/1/19 18:16,1786.17,1822.62,362.6968005,24.9
1/1/19 18:17,1779.64,1815.96,361.3714773,26.2
1/1/19 18:18,1792.69,1829.28,364.221238,26.8
1/1/19 18:19,1819.27,1856.4,369.4189356,26.7
1/1/19 18:20,1713.15,1748.11,347.8694977,27.4
1/1/19 18:21,1786.79,1823.25,362.8221689,28.4
1/1/19 18:22,1771.62,1807.78,359.7436778,27
1/1/19 18:23,1748.52,1784.2,355.513171,27.9
1/1/19 18:24,1735.58,1771,352.4245502,26.2
1/1/19 18:25,1759.88,1795.8,357.3596879,25.9
1/1/19 18:26,1752.83,1788.6,355.926906,26
1/1/19 18:27,1750.32,1768,249.4070921,25.6
1/1/19 18:28,1751.11,1768.8,249.519946,25.8
1/1/19 18:29,1750.67,1786.4,355.4891115,26.8
1/1/19 18:30,1815.35,1852.4,368.6229457,27.6
1/1/19 18:31,1792.49,1810.6,255.4165616,26.1
1/1/19 18:32,1744.2,1779.8,354.1757281,26.6
1/1/19 18:33,1752.83,1788.6,355.926906,25.8
1/1/19 18:34,1772.23,1808.4,359.8670563,25.8
1/1/19 18:35,1754.98,1790.8,356.3647005,26.8
1/1/19 18:36,1695.5,1730.1,344.285553,25.7
1/1/19 18:37,1783.49,1819.89,362.1535374,26.6
1/1/19 18:38,1736.28,1771.71,352.5658384,26.3
1/1/19 18:39,1717.67,1752.72,348.7868762,27.4
1/1/19 18:40,1751.85,1787.6,355.7279085,24.2
1/1/19 18:41,1741.67,1759.26,248.1741634,25.4
1/1/19 18:42,1761.45,1797.4,357.6780839,25.6
1/1/19 18:43,1762,1779.8,251.71687,25.6
1/1/19 18:44,1843.38,1881,374.3142738,27.5
1/1/19 18:45,1714.02,1749,348.466055,27.6
1/1/19 18:46,1813.2,1850.2,368.1851512,26.9
1/1/19 18:47,1744.2,1779.8,354.1757281,24.9
1/1/19 18:48,1754.98,1790.8,356.3647005,26.2
1/1/19 18:49,1744.2,1779.8,354.1757281,26.8
1/1/19 18:50,1805.56,1823.8,257.2786508,26.7
1/1/19 18:51,1726.96,1762.2,350.6733723,27.4
1/1/19 18:52,1767.92,1804,358.9914673,28.4
1/1/19 18:53,1804.57,1841.4,366.4339733,27
1/1/19 18:54,1818.14,1836.51,259.716169,27.9
1/1/19 18:55,1750.32,1768,249.4070921,26.2
1/1/19 18:56,1769.46,1805.57,359.3038934,25.9
1/1/19 18:57,1791.12,1827.67,363.7017378,26
1/1/19 18:58,1814.94,1851.98,368.5393668,25.6
1/1/19 18:59,1728.31,1763.58,350.9479889,25.8
1/1/19 19:00,1816.45,1834.8,258.8303918,26.8
1/1/19 19:01,1754.7,1772.42,250.306099,27.6
1/1/19 19:02,1804.11,1840.93,366.3404445,26.1
1/1/19 19:03,1847.43,1885.13,375.1361335,26.6
1/1/19 19:04,1816.63,1853.7,368.8816424,25.8
1/1/19 19:05,1753.53,1789.32,356.701842,25.8
1/1/19 19:06,1758.63,1794.52,357.1049711,26.8
1/1/19 19:07,1737.19,1754.74,247.5365389,25.7
1/1/19 19:08,1729.33,1746.8,246.4164641,26.6
1/1/19 19:09,1808.44,1845.35,367.2200134,26.3
1/1/19 19:10,1797.61,1834.3,365.210912,27.4
1/1/19 19:11,1815.96,1834.3,258.7598581,24.2
1/1/19 19:12,1800.26,1837,365.5583844,25.4
1/1/19 19:13,1790.32,1808.4,255.1062135,25.6
1/1/19 19:14,1765.76,1801.8,358.5536728,25.6
1/1/19 19:15,1751.11,1768.8,249.519946,27.5
1/1/19 19:16,1814.27,1832.6,258.5200436,27.6
1/1/19 19:17,1755.47,1773.2,250.1406424,26.9
1/1/19 19:18,1772.89,1790.8,252.6234279,24.9
1/1/19 19:19,1763.45,1781.26,251.2776453,26.2
1/1/19 19:20,1768.54,1786.4,252.27315,26.8
1/1/19 19:21,1698.84,1716,242.715894,26.7
1/1/19 19:22,1696.66,1713.8,241.7612412,27.4
1/1/19 19:23,1748.93,1766.6,249.2095978,28.4
1/1/19 19:24,1768.54,1786.4,252.27315,27
1/1/19 19:25,1696.66,1713.8,241.7612412,27.9
1/1/19 19:26,1714.09,1731.4,244.2440268,26.2
1/1/19 19:27,1697.81,1714.96,241.9248794,25.9
1/1/19 19:28,1752.51,1770.21,249.718851,26
1/1/19 19:29,1761.26,1779.05,250.9658864,25.6
1/1/19 19:30,1695.62,1712.75,241.6131205,25.8
1/1/19 19:31,1692.31,1709.4,241.1405448,26.8
1/1/19 19:32,1729.33,1746.8,246.4164641,27.6
1/1/19 19:33,1692.31,1709.4,241.1405448,26.1
1/1/19 19:34,1698.84,1716,242.715894,26.6
1/1/19 19:35,1805.02,1823.25,257.2010637,25.8
1/1/19 19:36,1783.14,1801.15,254.834751,25.8
1/1/19 19:37,1708.75,1726.01,243.4836737,26.8
1/1/19 19:38,1704.37,1721.59,242.860156,25.7
1/1/19 19:39,1717.5,1734.85,244.7307091,26.6
1/1/19 19:40,1726.25,1743.69,245.9777446,26.3
1/1/19 19:41,1700,1717.17,242.2366382,27.4
1/1/19 19:42,1715.31,1732.64,244.4189503,24.2
1/1/19 19:43,1774.39,1792.31,252.8364396,25.4
1/1/19 19:44,1741.3,1776.84,353.5866955,25.6
1/1/19 19:45,1719.65,1754.74,349.1888511,25.6
1/1/19 19:46,1838.38,1875.9,373.2993867,27.5
1/1/19 19:47,1762.24,1798.2,357.8372819,27.6
1/1/19 19:48,1786.17,1822.62,362.6968005,26.9
1/1/19 19:49,1781.82,1818.18,361.8132517,24.9
1/1/19 19:50,1834.03,1871.46,372.4158378,26.2
1/1/19 19:51,1733.95,1769.34,352.942144,26.8
1/1/19 19:52,1783.99,1820.4,362.2550261,26.7
1/1/19 19:53,1785.17,1821.6,362.4938231,27.4
1/1/19 19:54,1797.87,1834.56,365.728305,28.4
1/1/19 19:55,1764.94,1800.96,358.3865149,27
1/1/19 19:56,1780.31,1816.64,361.5067955,27.9
1/1/19 19:57,1744.16,1779.75,354.1657782,26.2
1/1/19 19:58,1712.26,1747.2,347.68841,25.9
1/1/19 19:59,1692.5,1727.04,343.6766207,26
1/1/19 20:00,1723.23,1758.4,349.9171819,25.6
1/1/19 20:01,1703.48,1738.24,345.9053925,25.8
1/1/19 20:02,1718.84,1753.92,349.256731,26.8
1/1/19 20:03,1716.65,1751.68,348.5799188,27.6
1/1/19 20:04,1704.61,1739.4,346.1362296,26.1
1/1/19 20:05,1719.91,1755.01,349.2425804,26.6
1/1/19 20:06,1701.28,1736,345.4596382,25.8
1/1/19 20:07,1730.84,1748.32,246.6308865,25.8
1/1/19 20:08,1736.26,1753.8,247.4039356,26.8
1/1/19 20:09,1719.8,1737.17,245.579854,25.7
1/1/19 20:10,1697.72,1714.87,241.9121833,26.6
1/1/19 20:11,1723.08,1740.48,245.5249184,26.3
1/1/19 20:12,1708.76,1726.02,243.4850844,27.4
1/1/19 20:13,1733.04,1750.55,246.9454667,24.2
1/1/19 20:14,1741.88,1759.47,248.2037875,25.4
1/1/19 20:15,1735.25,1752.78,247.2600469,25.6
1/1/19 20:16,1763.95,1781.77,251.3495897,25.6
1/1/19 20:17,1722.01,1739.4,245.3725656,27.5
1/1/19 20:18,1739.67,1757.24,247.8892073,27.6
1/1/19 20:19,1717.59,1734.94,244.7434052,26.9
1/1/19 20:20,1728.63,1746.09,246.3163063,24.9
1/1/19 20:21,1699.93,1717.1,242.2267635,26.2
1/1/19 20:22,1717.59,1734.94,244.7434052,26.8
1/1/19 20:23,1717.5,1734.85,244.7307091,26.7
1/1/19 20:24,1735,1752.53,247.2247801,27.4
1/1/19 20:25,1732.82,1750.32,246.9130212,28.4
1/1/19 20:26,1765.64,1783.47,251.5894042,27
1/1/19 20:27,1752.51,1770.21,249.718851,27.9
1/1/19 20:28,1776.57,1794.52,253.1481985,26.2
1/1/19 20:29,1875.03,1893.97,267.1773474,25.9
1/1/19 20:30,1796.27,1814.41,255.9540283,26
1/1/19 20:31,1728.44,1745.9,246.2895035,25.6
1/1/19 20:32,1701.02,1718.2,242.3819376,25.8
1/1/19 20:33,1800.64,1818.83,256.577546,26.8
1/1/19 20:34,1722.8,1740.2,245.4854195,27.6
1/1/19 20:35,1840.02,1858.61,262.1892056,26.1
1/1/19 20:36,1765.64,1783.47,251.5894042,26.6
1/1/19 20:37,1727.47,1744.92,246.1512575,25.8
1/1/19 20:38,1731.87,1749.36,246.7775965,25.8
1/1/19 20:39,1694.5,1711.62,241.4537144,26.8
1/1/19 20:40,1674.72,1691.64,238.6351885,25.7
1/1/19 20:41,1751.65,1769.34,249.5961224,26.6
1/1/19 20:42,1678.12,1695.07,239.1190496,26.3
1/1/19 20:43,1729.67,1747.14,246.464427,27.4
1/1/19 20:44,1676.92,1693.86,238.9483581,24.2
1/1/19 20:45,1734.06,1751.58,247.907661,25.4
1/1/19 20:46,1753.84,1771.56,249.9092919,25.6
1/1/19 20:47,1760.44,1778.22,250.8488005,25.6
1/1/19 20:48,1694.79,1729.38,344.1422748,27.5
1/1/19 20:49,1629.52,1662.78,330.8890421,27.6
1/1/19 20:50,1690.44,1724.94,343.258726,26.9
1/1/19 20:51,1716.55,1751.58,348.560019,24.9
1/1/19 20:52,1688.27,1722.72,342.8169515,26.2
1/1/19 20:53,1770.94,1807.08,359.6043796,26.8
1/1/19 20:54,1718.72,1753.8,349.17934,26.7
1/1/19 20:55,1705.67,1740.48,346.3511469,27.4
1/1/19 20:56,1707.85,1742.7,346.7929213,28.4
1/1/19 20:57,1692.62,1727.16,343.7005004,27
1/1/19 20:58,1750.82,1768.5,249.4776258,27.9
1/1/19 20:59,1755.27,1773,250.1124289,26.2
1/1/19 21:00,1626.08,1642.5,231.7031385,25.9
1/1/19 21:01,1634.75,1651.26,232.9388885,26
1/1/19 21:02,1622.97,1639.36,231.260187,25.6
1/1/19 21:03,1634.75,1651.26,232.9388885,25.8
1/1/19 21:04,1640.23,1656.8,233.7204017,26.8
1/1/19 21:05,1628.24,1644.69,232.12076,27.6
1/1/19 21:06,1704.13,1721.34,242.8248891,26.1
1/1/19 21:07,1701.96,1719.15,242.5159516,26.6
1/1/19 21:08,1640.23,1656.8,233.7204017,25.8
1/1/19 21:09,1657.5,1674.24,236.1806165,25.8
1/1/19 21:10,1651.02,1667.7,235.2580359,26.8
1/1/19 21:11,1681.24,1698.22,239.5634118,25.7
1/1/19 21:12,1661.81,1678.6,236.7956702,26.6
1/1/19 21:13,1679.08,1696.04,239.2558849,26.3
1/1/19 21:14,1638.07,1654.62,233.4128749,27.4
1/1/19 21:15,1662.93,1679.73,236.9550763,24.2
1/1/19 21:16,1758.93,1776.7,250.6343782,25.4
1/1/19 21:17,1651.02,1667.7,235.2580359,25.6
1/1/19 21:18,1663.97,1680.78,237.103197,25.6
1/1/19 21:19,1662.93,1679.73,236.9550763,27.5
1/1/19 21:20,1672.61,1689.5,238.3333044,27.6
1/1/19 21:21,1642.39,1658.98,234.279286,26.9
1/1/19 21:22,1649.92,1666.59,235.1014512,24.9
1/1/19 21:23,1653.18,1669.88,235.5655628,26.2
1/1/19 21:24,1643.42,1660.02,234.1746386,26.8
1/1/19 21:25,1638.07,1654.62,233.4128749,26.7
1/1/19 21:26,1655.34,1672.06,235.8730896,27.4
1/1/19 21:27,1640.23,1656.8,233.7204017,28.4
1/1/19 21:28,1620.38,1653.45,329.323956,27
1/1/19 21:29,1618.23,1651.26,328.5965911,27.9
1/1/19 21:30,1623.66,1656.8,329.6990372,26.2
1/1/19 21:31,1643.99,1677.54,333.826245,25.9
1/1/19 21:32,1637.55,1670.97,332.5188316,26
1/1/19 21:33,1611.8,1644.69,327.2891776,25.6
1/1/19 21:34,1653.57,1687.32,335.7724405,25.8
1/1/19 21:35,1657.85,1691.68,336.6400695,26.8
1/1/19 21:36,1702.71,1737.46,345.7501745,27.6
1/1/19 21:37,1643.84,1677.39,333.7963954,26.1
1/1/19 21:38,1603.42,1636.14,325.5877491,26.6
1/1/19 21:39,1633.88,1667.22,331.772591,25.8
1/1/19 21:40,1633.01,1666.34,331.5974732,25.8
1/1/19 21:41,1627.78,1661,330.5348266,26.8
1/1/19 21:42,1657.96,1691.8,336.6639492,25.7
1/1/19 21:43,1610.53,1643.4,327.324708,26.6
1/1/19 21:44,1641.68,1675.18,333.356611,26.3
1/1/19 21:45,1726.14,1761.37,350.5082044,27.4
1/1/19 21:46,1611.36,1644.24,327.1996287,24.2
1/1/19 21:47,1617.85,1650.87,328.5189821,25.4
1/1/19 21:48,1609.19,1642.03,326.7598443,25.6
1/1/19 21:49,1689.32,1723.8,343.318688,25.6
1/1/19 21:50,1690.3,1724.8,343.2308663,27.5
1/1/19 21:51,1698.93,1733.6,344.9820442,27.6
1/1/19 21:52,1664.43,1698.4,337.9773326,26.9
1/1/19 21:53,1615.69,1648.66,328.791976,24.9
1/1/19 21:54,1638.56,1672,332.723799,26.2
1/1/19 21:55,1623.47,1656.6,329.6592377,26.8
1/1/19 21:56,1638.56,1672,332.723799,26.7
1/1/19 21:57,1627.78,1661,330.5348266,27.4
1/1/19 21:58,1647.76,1664.4,234.7925136,28.4
1/1/19 21:59,1654.26,1670.97,235.7193262,27
1/1/19 22:00,1634.75,1651.26,232.9388885,27.9
1/1/19 22:01,1641.25,1657.83,233.8657011,26.2
1/1/19 22:02,1660.76,1677.54,236.6461388,25.9
1/1/19 22:03,1647.76,1664.4,234.7925136,26
1/1/19 22:04,1652.09,1668.78,235.4103887,25.6
1/1/19 22:05,1671.61,1688.49,238.1908263,25.8
1/1/19 22:06,1771.88,1789.78,252.4795392,26.8
1/1/19 22:07,1692.03,1709.12,241.101046,27.6
1/1/19 22:08,1668.29,1685.14,237.7182507,26.1
1/1/19 22:09,1740.98,1758.57,248.768269,26.6
1/1/19 22:10,1669.44,1686.3,237.8818888,25.8
1/1/19 22:11,1673.77,1690.68,238.4997639,25.8
1/1/19 22:12,1707.14,1724.38,243.2537339,26.8
1/1/19 22:13,1661.81,1678.6,236.7956702,25.7
1/1/19 22:14,1662.93,1679.73,236.9550763,26.6
1/1/19 22:15,1685.55,1702.58,240.1784654,26.3
1/1/19 22:16,1692.03,1709.12,241.101046,27.4
1/1/19 22:17,1674.76,1691.68,238.6408312,24.2
1/1/19 22:18,1679.97,1696.94,239.3828455,25.4
1/1/19 22:19,1728.72,1746.18,246.3290023,25.6
1/1/19 22:20,1696.35,1713.48,241.7160997,25.6
1/1/19 22:21,1673.77,1690.68,238.4997639,27.5
1/1/19 22:22,1696.35,1713.48,241.7160997,27.6
1/1/19 22:23,1758.93,1776.7,250.6343782,26.9
1/1/19 22:24,1683.4,1700.4,239.8709386,24.9
1/1/19 22:25,1692.03,1709.12,241.101046,26.2
1/1/19 22:26,1688.56,1705.62,240.6073102,26.8
1/1/19 22:27,1692.03,1726.56,343.5811019,26.7
1/1/19 22:28,1694.17,1728.74,344.149164,27.4
1/1/19 22:29,1692.03,1726.56,343.5811019,28.4
1/1/19 22:30,1695.5,1730.1,344.285553,27
1/1/19 22:31,1632.21,1665.52,331.4342952,27.9
1/1/19 22:32,1674.94,1709.12,340.1105857,26.2
1/1/19 22:33,1630.85,1664.13,331.1576887,25.9
1/1/19 22:34,1637.34,1670.76,332.4770421,26
1/1/19 22:35,1760.8,1796.73,357.5447556,25.6
1/1/19 22:36,1649.34,1683,334.9127713,25.8
1/1/19 22:37,1655.81,1689.6,336.2261547,26.8
1/1/19 22:38,1626.52,1659.71,330.2781198,27.6
1/1/19 22:39,1649.34,1683,334.9127713,26.1
1/1/19 22:40,1649.34,1683,334.9127713,26.6
1/1/19 22:41,1709.71,1744.6,347.1710166,25.8
1/1/19 22:42,1660.12,1694,337.1017437,25.8
1/1/19 22:43,1683.84,1718.2,341.9174829,26.8
1/1/19 22:44,1726.96,1762.2,350.6733723,25.7
1/1/19 22:45,1716.18,1751.2,348.4844,26.6
1/1/19 22:46,1716.18,1751.2,348.4844,26.3
1/1/19 22:47,1703.24,1738,345.8576331,27.4
1/1/19 22:48,1649.34,1683,334.9127713,24.2
1/1/19 22:49,1636.4,1669.8,332.2860045,25.4
1/1/19 22:50,1651.5,1685.2,335.3505658,25.6
1/1/19 22:51,1739.89,1775.4,353.3001392,25.6
1/1/19 22:52,1688.15,1722.6,342.7930718,27.5
1/1/19 22:53,1703.24,1738,345.8576331,27.6
1/1/19 22:54,1737.74,1773.2,352.8623447,26.9
1/1/19 22:55,1666.59,1700.6,338.4151271,24.9
1/1/19 22:56,1724.8,1760,350.2355779,26.2
1/1/19 22:57,1703.2,1720.4,242.6922858,26.8
1/1/19 22:58,1751.82,1769.52,249.6215145,26.7
1/1/19 22:59,1678.11,1695.06,239.1176389,27.4
1/1/19 23:00,1678.11,1695.06,239.1176389,28.4
1/1/19 23:01,1669.37,1686.23,237.8720141,27
1/1/19 23:02,1658.43,1675.18,236.3132198,27.9
1/1/19 23:03,1670.53,1687.4,238.370629,26.2
1/1/19 23:04,1675.94,1692.87,238.8087014,25.9
1/1/19 23:05,1738.82,1756.38,247.7678894,26
1/1/19 23:06,1756.77,1774.52,250.3268513,25.6
1/1/19 23:07,1688.95,1706.01,240.6623265,25.8
1/1/19 23:08,1708.46,1725.72,243.4427641,26.8
1/1/19 23:09,1680.28,1697.25,239.4265764,27.6
1/1/19 23:10,1722.24,1739.64,245.4064218,26.1
1/1/19 23:11,1736.65,1754.19,247.4589519,26.6
1/1/19 23:12,1701.96,1719.15,242.5159516,25.8
1/1/19 23:13,1730.14,1747.62,246.5321393,25.8
1/1/19 23:14,1736.65,1754.19,247.4589519,26.8
1/1/19 23:15,1695.45,1712.58,241.589139,25.7
1/1/19 23:16,1713.61,1730.92,244.1763144,26.6
1/1/19 23:17,1675.21,1709.4,340.166305,26.3
1/1/19 23:18,1685.99,1720.4,342.3552774,27.4
1/1/19 23:19,1677.37,1711.6,340.6040995,24.2
1/1/19 23:20,1681.68,1716,341.4796884,25.4
1/1/19 23:21,1683.84,1718.2,341.9174829,25.6
1/1/19 23:22,1683.84,1718.2,341.9174829,25.6
1/1/19 23:23,1682.83,1717.17,341.7125155,27.5
1/1/19 23:24,1679.52,1713.8,341.418939,27.6
1/1/19 23:25,1679.52,1713.8,341.418939,26.9
1/1/19 23:26,1711.86,1746.8,347.608811,24.9
1/1/19 23:27,1722.64,1757.8,349.7977834,26.2
1/1/19 23:28,1736.28,1771.71,352.5658384,26.8
1/1/19 23:29,1785.64,1822.08,362.5893419,26.7
1/1/19 23:30,1701.94,1736.67,345.5929665,27.4
1/1/19 23:31,1749.15,1784.85,355.1806654,28.4
1/1/19 23:32,1698.93,1733.6,344.9820442,27
1/1/19 23:33,1692.46,1727,343.6686608,27.9
1/1/19 23:34,1684.99,1719.38,342.1522999,26.2
1/1/19 23:35,1744.2,1779.8,354.1757281,25.9
1/1/19 23:36,1731.27,1766.6,351.5489613,26
1/1/19 23:37,1679.52,1713.8,341.418939,25.6
1/1/19 23:38,1711.86,1746.8,347.608811,25.8
1/1/19 23:39,1685.99,1720.4,342.3552774,26.8
1/1/19 23:40,1693.66,1728.22,343.9114377,27.6
1/1/19 23:41,1685.99,1720.4,342.3552774,26.1
1/1/19 23:42,1744.2,1779.8,354.1757281,26.6
1/1/19 23:43,1709.71,1744.6,347.1710166,25.8
1/1/19 23:44,1774.39,1810.6,360.3048507,25.8
1/1/19 23:45,1710.52,1745.43,347.3361845,26.8
1/1/19 23:46,1724.8,1760,350.2355779,25.7
1/1/19 23:47,1723.4,1758.57,349.9510115,26.6
1/1/19 23:48,1779.2,1815.51,361.2819284,26.3
1/1/19 23:49,1698.93,1733.6,344.9820442,27.4
1/1/19 23:50,1785.17,1821.6,362.4938231,24.2
1/1/19 23:51,1733.42,1768.8,351.9867558,25.4
1/1/19 23:52,1763.61,1799.6,358.1158784,25.6
1/1/19 23:53,1825.54,1843.98,260.1253901,25.6
1/1/19 23:54,1719.11,1754.19,349.794025,27.5
1/1/19 23:55,1712.67,1747.62,347.771989,27.6
1/1/19 23:56,1734.13,1769.52,352.1300339,26.9
1/1/19 23:57,1750.67,1786.4,355.4891115,24.9
1/1/19 23:58,1723.4,1758.57,349.9510115,26.2
1/1/19 23:59,1757.74,1793.61,356.9238834,26.8
1/2/19 0:00,1714.02,1749,348.466055,26.7
1/2/19 0:01,1731.27,1766.6,351.5489613,27.4
1/2/19 0:02,1765.13,1801.15,358.4243245,28.4
1/2/19 0:03,1736.97,1772.42,352.7071267,27
1/2/19 0:04,1810.61,1847.56,367.6597979,27.9
1/2/19 0:05,1765.13,1801.15,358.4243245,26.2
1/2/19 0:06,1804.57,1841.4,366.4339733,25.9
1/2/19 0:07,1819.66,1856.8,369.4985346,26
1/2/19 0:08,1754.3,1790.1,356.2254022,25.6
1/2/19 0:09,1734.81,1770.21,352.2673422,25.8
1/2/19 0:10,1723.98,1759.16,350.6842,26.8
1/2/19 0:11,1694.62,1729.2,344.1064552,27.6
1/2/19 0:12,1888.33,1907.4,269.718821,26.1
1/2/19 0:13,1761.45,1797.4,357.6780839,26.6
1/2/19 0:14,1710.98,1745.9,347.4297133,25.8
1/2/19 0:15,1791.64,1828.2,363.8072065,25.8
1/2/19 0:16,1731.27,1766.6,351.5489613,26.8
1/2/19 0:17,1719.65,1754.74,349.1888511,25.7
1/2/19 0:18,1701.32,1736.04,345.4675981,26.6
1/2/19 0:19,1749.18,1784.88,355.1866353,26.3
1/2/19 0:20,1736.13,1771.56,352.5359888,27.4
1/2/19 0:21,1702.32,1737.06,345.6705755,24.2
1/2/19 0:22,1720.9,1756.02,349.4435679,25.4
1/2/19 0:23,1710.02,1744.92,347.2346958,25.6
1/2/19 0:24,1740.48,1776,353.4195377,25.6
1/2/19 0:25,1694.79,1729.38,344.1422748,27.5
1/2/19 0:26,1705.67,1740.48,346.3511469,27.6
1/2/19 0:27,1706.8,1741.63,346.579994,26.9
1/2/19 0:28,1704.61,1739.4,346.1362296,24.9
1/2/19 0:29,1695.87,1730.48,344.361172,26.2
1/2/19 0:30,1713.35,1748.32,347.9112872,26.8
1/2/19 0:31,1734.21,1769.6,352.1459537,26.7
1/2/19 0:32,1750.51,1786.23,355.455282,27.4
1/2/19 0:33,1713.35,1748.32,347.9112872,28.4
1/2/19 0:34,1687.13,1721.56,342.5861144,27
1/2/19 0:35,1726.47,1761.7,350.5738736,27.9
1/2/19 0:36,1720.9,1756.02,349.4435679,26.2
1/2/19 0:37,1694.79,1729.38,344.1422748,25.9
1/2/19 0:38,1823.15,1860.36,370.2069657,26
1/2/19 0:39,1823.15,1860.36,370.2069657,25.6
1/2/19 0:40,1722.1,1757.24,349.6863448,25.8
1/2/19 0:41,1717.72,1752.78,348.798816,26.8
1/2/19 0:42,1738.3,1773.78,352.9777632,27.6
1/2/19 0:43,1714.37,1749.36,348.1182446,26.1
1/2/19 0:44,1731.78,1767.12,351.65244,26.6
1/2/19 0:45,1718.72,1753.8,349.17934,25.8
1/2/19 0:46,1712.2,1747.14,347.6764702,25.8
1/2/19 0:47,1752.13,1787.89,355.7856178,26.8
1/2/19 0:48,1843.1,1880.71,374.2565646,25.7
1/2/19 0:49,1757.88,1793.76,356.953733,26.6
1/2/19 0:50,1714.37,1749.36,348.1182446,26.3
1/2/19 0:51,1744.83,1780.44,354.3030865,27.4
1/2/19 0:52,1751.36,1787.1,355.6284098,24.2
1/2/19 0:53,1775.29,1811.52,360.4879284,25.4
1/2/19 0:54,1716.55,1751.58,348.560019,25.6
1/2/19 0:55,1690.44,1724.94,343.258726,25.6
1/2/19 0:56,1797.05,1833.72,364.9056726,27.5
1/2/19 0:57,1710.98,1745.9,347.4297133,27.6
1/2/19 0:58,1717.48,1752.53,348.7490666,26.9
1/2/19 0:59,1693.66,1728.22,343.9114377,24.9
1/2/19 1:00,1752.13,1787.89,355.7856178,26.2
1/2/19 1:01,1814.94,1851.98,368.5393668,26.8
1/2/19 1:02,1840.93,1878.5,373.8167801,26.7
1/2/19 1:03,1819.27,1856.4,369.4189356,27.4
1/2/19 1:04,1806.28,1843.14,366.780229,28.4
1/2/19 1:05,1799.78,1836.51,365.4608756,27
1/2/19 1:06,1806.28,1843.14,366.780229,27.9
1/2/19 1:07,1813.2,1850.2,368.1851512,26.2
1/2/19 1:08,1849.59,1887.34,375.5759179,25.9
1/2/19 1:09,1820.81,1839.2,259.4510881,26
1/2/19 1:10,1730.47,1765.79,351.3877733,25.6
1/2/19 1:11,1706.65,1741.48,346.5501444,25.8
1/2/19 1:12,1728.31,1763.58,350.9479889,26.8
1/2/19 1:13,1732.64,1768,351.8275578,27.6
1/2/19 1:14,1786.79,1823.25,362.8221689,26.1
1/2/19 1:15,1733.42,1768.8,351.9867558,26.6
1/2/19 1:16,1759.3,1795.2,357.2402894,25.8
1/2/19 1:17,1759.3,1795.2,357.2402894,25.8
1/2/19 1:18,1749.97,1785.68,355.3458333,26.8
1/2/19 1:19,1757.14,1793,356.8024949,25.7
1/2/19 1:20,1786.51,1804.56,254.5645148,26.6
1/2/19 1:21,1800.26,1837,365.5583844,26.3
1/2/19 1:22,1800.66,1837.41,365.6399734,27.4
1/2/19 1:23,1767.92,1804,358.9914673,24.2
1/2/19 1:24,1803.38,1821.6,256.9683026,25.4
1/2/19 1:25,1759.88,1795.8,357.3596879,25.6
1/2/19 1:26,1842.89,1861.5,262.5968903,25.6
1/2/19 1:27,1890.58,1909.68,269.3935157,27.5
1/2/19 1:28,1795.95,1832.6,364.6827954,27.6
1/2/19 1:29,1779.2,1815.51,361.2819284,26.9
1/2/19 1:30,1808.2,1826.46,257.65389,24.9
1/2/19 1:31,1789.93,1826.46,363.4609509,26.2
1/2/19 1:32,1755.59,1791.42,356.4880789,26.8
1/2/19 1:33,1792.08,1828.65,363.8967554,26.7
1/2/19 1:34,1778.36,1796.32,253.4021197,27.4
1/2/19 1:35,1787.78,1824.27,363.251464,28.4
1/2/19 1:36,1758.26,1794.14,357.293521,27
1/2/19 1:37,1781.35,1817.7,361.7177329,27.9
1/2/19 1:38,1806.41,1824.66,257.3999687,26.2
1/2/19 1:39,1804.26,1822.48,257.924419,25.9
1/2/19 1:40,1866.84,1885.7,266.107204,26
1/2/19 1:41,1795.98,1814.12,255.9131188,25.6
1/2/19 1:42,1791.68,1809.78,255.3008864,25.8
1/2/19 1:43,1731.27,1766.6,351.5489613,26.8
1/2/19 1:44,1776.54,1812.8,360.7426452,27.6
1/2/19 1:45,1750.67,1786.4,355.4891115,26.1
1/2/19 1:46,1793.79,1830.4,364.245001,26.6
1/2/19 1:47,1780.29,1816.62,361.5028156,25.8
1/2/19 1:48,1745.63,1781.26,354.4662644,25.8
1/2/19 1:49,1775.96,1812.2,360.6232467,26.8
1/2/19 1:50,1890.5,1909.6,269.3822303,25.7
1/2/19 1:51,1846.94,1865.6,263.1752664,26.6
1/2/19 1:52,1787.32,1823.8,362.9316176,26.3
1/2/19 1:53,1767.29,1803.36,358.8641089,27.4
1/2/19 1:54,1804.57,1841.4,366.4339733,24.2
1/2/19 1:55,1793.79,1830.4,364.245001,25.4
1/2/19 1:56,1797.61,1834.3,365.210912,25.6
1/2/19 1:57,1776.54,1812.8,360.7426452,25.6
1/2/19 1:58,1769.46,1805.57,359.3038934,27.5
1/2/19 1:59,1750.67,1786.4,355.4891115,27.6
1/2/19 2:00,1772.23,1808.4,359.8670563,26.9
1/2/19 2:01,1782.45,1818.83,361.9426,24.9
1/2/19 2:02,1873.08,1892,266.8994447,26.2
1/2/19 2:03,1774.39,1810.6,360.3048507,26.8
1/2/19 2:04,1793.28,1829.88,364.1415223,26.7
1/2/19 2:05,1745.63,1781.26,354.4662644,27.4
1/2/19 2:06,1772.23,1808.4,359.8670563,28.4
1/2/19 2:07,1770.08,1806.2,359.4292618,27
1/2/19 2:08,1759.3,1795.2,357.2402894,27.9
1/2/19 2:09,1838.76,1876.29,373.3769957,26.2
1/2/19 2:10,1786.79,1823.25,362.8221689,25.9
1/2/19 2:11,1767.29,1803.36,358.8641089,26
1/2/19 2:12,1773.79,1809.99,360.1834623,25.6
1/2/19 2:13,1749.18,1784.88,355.1866353,25.8
1/2/19 2:14,1749.18,1784.88,355.1866353,26.8
1/2/19 2:15,1755.71,1791.54,356.5119586,27.6
1/2/19 2:16,1760.06,1795.98,357.3955075,26.1
1/2/19 2:17,1788.34,1824.84,363.1385749,26.6
1/2/19 2:18,1801.95,1838.72,365.9006601,25.8
1/2/19 2:19,1753.53,1789.32,356.701842,25.8
1/2/19 2:20,1747.01,1782.66,354.7448609,26.8
1/2/19 2:21,1730.84,1766.16,351.4614024,25.7
1/2/19 2:22,1733.95,1769.34,352.942144,26.6
1/2/19 2:23,1741.76,1777.31,353.6802244,26.3
1/2/19 2:24,1729.6,1764.9,351.2106655,27.4
1/2/19 2:25,1717.72,1752.78,348.798816,24.2
1/2/19 2:26,1737.39,1772.85,352.7926956,25.4
1/2/19 2:27,1724.28,1759.47,350.1301092,25.6
1/2/19 2:28,1752.69,1788.46,355.8990464,25.6
1/2/19 2:29,1693.69,1728.25,343.9174076,27.5
1/2/19 2:30,1708.98,1743.86,347.237584,27.6
1/2/19 2:31,1699.08,1733.76,345.138838,26.9
1/2/19 2:32,1724.28,1759.47,350.1301092,24.9
1/2/19 2:33,1734.21,1769.6,352.1459537,26.2
1/2/19 2:34,1754.88,1790.69,356.3428108,26.8
1/2/19 2:35,1730.84,1766.16,351.4614024,26.7
1/2/19 2:36,1725.43,1760.64,350.3629363,27.4
1/2/19 2:37,1716.65,1751.68,348.5799188,28.4
1/2/19 2:38,1745.18,1780.8,354.3747256,27
1/2/19 2:39,1722.1,1757.24,349.6863448,27.9
1/2/19 2:40,1704.61,1739.4,346.1362296,26.2
1/2/19 2:41,1724.21,1741.63,245.6871458,25.9
1/2/19 2:42,1728.63,1746.09,246.3163063,26
1/2/19 2:43,1736.38,1753.92,247.4208637,25.6
1/2/19 2:44,1730.84,1748.32,246.6308865,25.8
1/2/19 2:45,1722.01,1739.4,245.3725656,26.8
1/2/19 2:46,1794.04,1812.16,255.6366267,27.6
1/2/19 2:47,1749.69,1767.36,249.316809,26.1
1/2/19 2:48,1743.03,1760.64,248.3688364,26.6
1/2/19 2:49,1705.33,1722.56,242.9969913,25.8
1/2/19 2:50,1703.12,1720.32,242.6810004,25.8
1/2/19 2:51,1723.08,1740.48,245.5249184,26.8
1/2/19 2:52,1697.81,1714.96,241.9248794,25.7
1/2/19 2:53,1671.56,1688.44,238.183773,26.6
1/2/19 2:54,1695.62,1712.75,241.6131205,26.3
1/2/19 2:55,1726.25,1743.69,245.9777446,27.4
1/2/19 2:56,1641.76,1658.34,233.9376454,24.2
1/2/19 2:57,1693.43,1710.54,241.3013616,25.4
1/2/19 2:58,1714.28,1731.6,244.2722402,25.6
1/2/19 2:59,1604.39,1620.6,228.6137633,25.6
1/2/19 3:00,1621.98,1638.36,231.1191196,27.5
1/2/19 3:01,1679.12,1696.08,239.2615276,27.6
1/2/19 3:02,1617.58,1633.92,230.4927805,26.9
1/2/19 3:03,1641.76,1658.34,233.9376454,24.9
1/2/19 3:04,1617.58,1633.92,230.4927805,26.2
1/2/19 3:05,1665.93,1682.76,237.3825104,26.8
1/2/19 3:06,1659.34,1676.1,236.4430018,26.7
1/2/19 3:07,1573.62,1589.52,224.2293897,27.4
1/2/19 3:08,1558.24,1573.98,222.37203,28.4
1/2/19 3:09,1575.82,1591.74,224.5425593,27
1/2/19 3:10,1535.97,1567.32,311.892742,27.9
1/2/19 3:11,1581.66,1613.94,321.1700048,26.2
1/2/19 3:12,1576.3,1592.22,224.6102716,25.9
1/2/19 3:13,1580.04,1612.29,320.841659,26
1/2/19 3:14,1541.03,1572.48,312.919569,25.6
1/2/19 3:15,1569.12,1601.14,318.622837,25.8
1/2/19 3:16,1604.08,1636.82,325.7230674,26.8
1/2/19 3:17,1582.74,1615.04,321.3889021,27.6
1/2/19 3:18,1552.01,1583.68,315.1483409,26.1
1/2/19 3:19,1556.4,1588.16,316.398496,26.6
1/2/19 3:20,1565.18,1597.12,317.8228671,25.8
1/2/19 3:21,1543.23,1574.72,313.3653234,25.8
1/2/19 3:22,1534.15,1565.46,311.5226067,26.8
1/2/19 3:23,1547.62,1579.2,314.2568321,25.7
1/2/19 3:24,1567.37,1599.36,318.2686215,26.6
1/2/19 3:25,1525.86,1557,309.8390879,26.3
1/2/19 3:26,1556.4,1588.16,316.398496,27.4
1/2/19 3:27,1503.81,1534.5,305.3616444,24.2
1/2/19 3:28,1547.91,1579.5,314.3165314,25.4
1/2/19 3:29,1517.04,1548,308.481105,25.6
1/2/19 3:30,1486.17,1516.5,301.7796897,25.6
1/2/19 3:31,1525.86,1557,309.8390879,27.5
1/2/19 3:32,1539.09,1570.5,312.525554,27.6
1/2/19 3:33,1530.27,1561.5,310.7345766,26.9
1/2/19 3:34,1541.3,1572.75,312.9732983,24.9
1/2/19 3:35,1534.68,1566,311.6300653,26.2
1/2/19 3:36,1517.04,1548,308.481105,26.8
1/2/19 3:37,1497.2,1527.75,304.184114,26.7
1/2/19 3:38,1525.86,1557,309.8390879,27.4
1/2/19 3:39,1523.66,1554.75,309.3913436,28.4
1/2/19 3:40,1521.45,1552.5,308.9435992,27
1/2/19 3:41,1537.07,1568.44,312.1156192,27.9
1/2/19 3:42,1499.4,1530,304.4661558,26.2
1/2/19 3:43,1510.43,1541.25,306.7048775,25.9
1/2/19 3:44,1521.45,1552.5,308.9435992,26
1/2/19 3:45,1530.27,1561.5,310.7345766,25.6
1/2/19 3:46,1519.25,1550.25,308.4958549,25.8
1/2/19 3:47,1514.84,1545.75,307.6003662,26.8
1/2/19 3:48,1503.81,1534.5,305.3616444,27.6
1/2/19 3:49,1528.07,1559.25,310.2868323,26.1
1/2/19 3:50,1517.04,1548,308.481105,26.6
1/2/19 3:51,1523.66,1554.75,309.3913436,25.8
1/2/19 3:52,1532.64,1563.92,311.2161505,25.8
1/2/19 3:53,1523.78,1554.88,309.4172132,26.8
1/2/19 3:54,1519.25,1550.25,308.4958549,25.7
1/2/19 3:55,1508.22,1539,306.2571331,26.6
1/2/19 3:56,1508.22,1539,306.2571331,26.3
1/2/19 3:57,1521.45,1552.5,308.9435992,27.4
1/2/19 3:58,1534.68,1566,311.6300653,24.2
1/2/19 3:59,1626.64,1659.84,330.3039895,25.4
1/2/19 4:00,1558.24,1573.98,222.37203,25.6
1/2/19 4:01,1650.55,1667.22,235.1903236,25.6
1/2/19 4:02,1632.17,1648.66,232.5721134,27.5
1/2/19 4:03,1564.83,1580.64,222.9767116,27.6
1/2/19 4:04,1571.43,1587.3,223.9162202,26.9
1/2/19 4:05,1647.49,1664.13,234.7544255,24.9
1/2/19 4:06,1581.85,1597.83,225.4016595,26.2
1/2/19 4:07,1588.42,1604.46,226.3369361,26.8
1/2/19 4:08,1584.04,1600.04,225.7134184,26.7
1/2/19 4:09,1634.36,1650.87,232.8838723,27.4
1/2/19 4:10,1627.8,1644.24,231.9485957,28.4
1/2/19 4:11,1640.93,1657.5,233.8191489,27
1/2/19 4:12,1559.97,1575.73,222.2840709,27.9
1/2/19 4:13,1623.42,1639.82,231.3250779,26.2
1/2/19 4:14,1575.29,1591.2,224.4663829,25.9
1/2/19 4:15,1573.1,1588.99,224.154624,26
1/2/19 4:16,1603.73,1619.93,228.5192482,25.6
1/2/19 4:17,1566.54,1582.36,223.2193474,25.8
1/2/19 4:18,1590.6,1606.67,226.648695,26.8
1/2/19 4:19,1625.61,1642.03,231.6368368,27.6
1/2/19 4:20,1587.76,1603.8,226.2438316,26.1
1/2/19 4:21,1594.3,1610.4,227.1748762,26.6
1/2/19 4:22,1619.05,1635.4,230.7015602,25.8
1/2/19 4:23,1596.47,1612.6,227.4852244,25.8
1/2/19 4:24,1594.3,1610.4,227.1748762,26.8
1/2/19 4:25,1612.48,1628.77,229.7662836,25.7
1/2/19 4:26,1581.23,1597.2,225.3127871,26.6
1/2/19 4:27,1656.84,1690.65,336.4351021,26.3
1/2/19 4:28,1653.65,1687.4,335.7883603,27.4
1/2/19 4:29,1701.08,1735.8,345.4198387,24.2
1/2/19 4:30,1709.71,1744.6,347.1710166,25.4
1/2/19 4:31,1655.81,1689.6,336.2261547,25.6
1/2/19 4:32,1739.89,1775.4,353.3001392,25.6
1/2/19 4:33,1690.3,1724.8,343.2308663,27.5
1/2/19 4:34,1688.15,1722.6,342.7930718,27.6
1/2/19 4:35,1668.74,1702.8,338.8529216,26.9
1/2/19 4:36,1670.9,1705,339.2907161,24.9
1/2/19 4:37,1722.64,1757.8,349.7977834,26.2
1/2/19 4:38,1672,1706.12,339.5135932,26.8
1/2/19 4:39,1681.68,1716,341.4796884,26.7
1/2/19 4:40,1655.81,1689.6,336.2261547,27.4
1/2/19 4:41,1670.9,1705,339.2907161,28.4
1/2/19 4:42,1662.28,1696.2,337.5395382,27
1/2/19 4:43,1655.81,1689.6,336.2261547,27.9
1/2/19 4:44,1666.59,1700.6,338.4151271,26.2
1/2/19 4:45,1678.33,1712.58,340.799117,25.9
1/2/19 4:46,1683.84,1718.2,341.9174829,26
1/2/19 4:47,1656.87,1690.68,336.441072,25.6
1/2/19 4:48,1668.74,1702.8,338.8529216,25.8
1/2/19 4:49,1685.99,1720.4,342.3552774,26.8
1/2/19 4:50,1663.31,1697.25,337.7484855,27.6
1/2/19 4:51,1697.64,1732.29,344.7213575,26.1
1/2/19 4:52,1686.91,1721.34,342.542335,26.6
1/2/19 4:53,1691.21,1725.72,343.413944,25.8
1/2/19 4:54,1740.57,1776.09,353.4374474,25.8
1/2/19 4:55,1701.32,1736.04,345.4675981,26.8
1/2/19 4:56,1693.66,1728.22,343.9114377,25.7
1/2/19 4:57,1673.04,1707.18,339.7245306,26.6
1/2/19 4:58,1655.63,1689.42,336.1903352,26.3
1/2/19 4:59,1652.51,1686.23,335.5555332,27.4
1/2/19 5:00,1732.64,1768,351.8275578,24.2
1/2/19 5:01,1693.66,1728.22,343.9114377,25.4
1/2/19 5:02,1702.32,1737.06,345.6705755,25.6
1/2/19 5:03,1726.14,1761.37,350.5082044,25.6
1/2/19 5:04,1682.83,1717.17,341.7125155,27.5
1/2/19 5:05,1651.28,1684.98,335.3067864,27.6
1/2/19 5:06,1710.98,1745.9,347.4297133,26.9
1/2/19 5:07,1706.65,1741.48,346.5501444,24.9
1/2/19 5:08,1654.67,1688.44,335.9953177,26.2
1/2/19 5:09,1721.81,1756.95,349.6286355,26.8
1/2/19 5:10,1732.64,1768,351.8275578,26.7
1/2/19 5:11,1771.62,1807.78,359.7436778,27.4
1/2/19 5:12,1689.32,1723.8,343.318688,28.4
1/2/19 5:13,1652.51,1686.23,335.5555332,27
1/2/19 5:14,1672,1706.12,339.5135932,27.9
1/2/19 5:15,1697.99,1732.64,344.7910066,26.2
1/2/19 5:16,1680.66,1714.96,341.272731,25.9
1/2/19 5:17,1684.99,1719.38,342.1522999,26
1/2/19 5:18,1665.5,1699.49,338.1942399,25.6
1/2/19 5:19,1722.64,1757.8,349.7977834,25.8
1/2/19 5:20,1694.62,1729.2,344.1064552,26.8
1/2/19 5:21,1681.68,1716,341.4796884,27.6
1/2/19 5:22,1690.3,1724.8,343.2308663,26.1
1/2/19 5:23,1698.93,1733.6,344.9820442,26.6
1/2/19 5:24,1692.46,1727,343.6686608,25.8
1/2/19 5:25,1692.46,1727,343.6686608,25.8
1/2/19 5:26,1731.27,1766.6,351.5489613,26.8
1/2/19 5:27,1715.31,1750.32,348.3092822,25.7
1/2/19 5:28,1730.47,1765.79,351.3877733,26.6
1/2/19 5:29,1675.21,1709.4,340.166305,26.3
1/2/19 5:30,1675.21,1709.4,340.166305,27.4
1/2/19 5:31,1684.99,1719.38,342.1522999,24.2
1/2/19 5:32,1696.77,1731.4,344.5442497,25.4
1/2/19 5:33,1733.42,1768.8,351.9867558,25.6
1/2/19 5:34,1678.5,1712.75,340.8329466,25.6
1/2/19 5:35,1694.62,1729.2,344.1064552,27.5
1/2/19 5:36,1664.43,1698.4,337.9773326,27.6
1/2/19 5:37,1707.55,1742.4,346.7332221,26.9
1/2/19 5:38,1623.91,1640.31,231.3942009,24.9
1/2/19 5:39,1619.57,1635.93,230.7763259,26.2
1/2/19 5:40,1619.57,1635.93,230.7763259,26.8
1/2/19 5:41,1610.9,1627.17,229.5405758,26.7
1/2/19 5:42,1593.55,1609.65,227.690757,27.4
1/2/19 5:43,1613.07,1629.36,229.8495134,28.4
1/2/19 5:44,1619.57,1635.93,230.7763259,27
1/2/19 5:45,1615.23,1631.55,230.1584509,27.9
1/2/19 5:46,1632.58,1649.07,232.629951,26.2
1/2/19 5:47,1617.4,1633.74,230.4673884,25.9
1/2/19 5:48,1608.73,1624.98,229.2316383,26
1/2/19 5:49,1632.58,1649.07,232.629951,25.6
1/2/19 5:50,1589.22,1605.27,226.4512007,25.8
1/2/19 5:51,1606.56,1622.79,228.9227008,26.8
1/2/19 5:52,1684.61,1701.63,240.444515,27.6
1/2/19 5:53,1628.24,1644.69,232.12076,26.1
1/2/19 5:54,1622.97,1639.36,231.260187,26.6
1/2/19 5:55,1610.9,1627.17,229.5405758,25.8
1/2/19 5:56,1645.59,1662.21,234.4835761,25.8
1/2/19 5:57,1614.33,1630.64,230.300796,26.8
1/2/19 5:58,1632.58,1649.07,232.629951,25.7
1/2/19 5:59,1625.12,1641.54,231.5677138,26.6
1/2/19 6:00,1674.94,1709.12,340.1105857,26.3
1/2/19 6:01,1683.48,1717.84,341.8458438,27.4
1/2/19 6:02,1712.67,1747.62,347.771989,24.2
1/2/19 6:03,1697.64,1732.29,344.7213575,25.4
1/2/19 6:04,1700.57,1735.28,345.31636,25.6
1/2/19 6:05,1685.62,1720.02,342.2796583,25.6
1/2/19 6:06,1681.35,1715.66,341.4120293,27.5
1/2/19 6:07,1694.17,1728.74,344.149164,27.6
1/2/19 6:08,1724.07,1759.26,350.883197,26.9
1/2/19 6:09,1697.99,1732.64,344.7910066,24.9
1/2/19 6:10,1689.32,1723.8,343.318688,26.2
1/2/19 6:11,1696.97,1731.6,344.5840492,26.8
1/2/19 6:12,1653.46,1687.2,335.7485608,26.7
1/2/19 6:13,1684.99,1719.38,342.1522999,27.4
1/2/19 6:14,1661.17,1695.07,337.314671,28.4
1/2/19 6:15,1680.66,1714.96,341.272731,27
1/2/19 6:16,1673.04,1707.18,339.7245306,27.9
1/2/19 6:17,1669.83,1703.91,339.738088,26.2
1/2/19 6:18,1747.8,1783.47,354.9060489,25.9
1/2/19 6:19,1675.21,1709.4,340.166305,26
1/2/19 6:20,1688.27,1722.72,342.8169515,25.6
1/2/19 6:21,1775.29,1811.52,360.4879284,25.8
1/2/19 6:22,1707.85,1742.7,346.7929213,26.8
1/2/19 6:23,1664.33,1698.3,337.9574329,27.6
1/2/19 6:24,1762.96,1798.94,357.98454,26.1
1/2/19 6:25,1704.48,1739.27,346.1103599,26.6
1/2/19 6:26,1692.62,1727.16,343.7005004,25.8
1/2/19 6:27,1710.02,1744.92,347.2346958,25.8
1/2/19 6:28,1716.55,1751.58,348.560019,26.8
1/2/19 6:29,1679.56,1713.84,341.498538,25.7
1/2/19 6:30,1694.79,1729.38,344.1422748,26.6
1/2/19 6:31,1701.32,1736.04,345.4675981,26.3
1/2/19 6:32,1701.32,1736.04,345.4675981,27.4
1/2/19 6:33,1733.95,1769.34,352.942144,24.2
1/2/19 6:34,1717.72,1752.78,348.798816,25.4
1/2/19 6:35,1718.72,1753.8,349.17934,25.6
1/2/19 6:36,1693.69,1728.25,343.9174076,25.6
1/2/19 6:37,1715.54,1750.55,348.3550516,27.5
1/2/19 6:38,1689.31,1723.79,343.298788,27.6
1/2/19 6:39,1710.02,1744.92,347.2346958,26.9
1/2/19 6:40,1722.1,1757.24,349.6863448,24.9
1/2/19 6:41,1708.98,1743.86,347.237584,26.2
1/2/19 6:42,1736.13,1771.56,352.5359888,26.8
1/2/19 6:43,1715.54,1750.55,348.3550516,26.7
1/2/19 6:44,1733.02,1768.39,351.9051668,27.4
1/2/19 6:45,1739.58,1775.08,353.23646,28.4
1/2/19 6:46,1703.49,1738.26,345.9093725,27
1/2/19 6:47,1717.72,1752.78,348.798816,27.9
1/2/19 6:48,1703.49,1738.26,345.9093725,26.2
1/2/19 6:49,1713.35,1748.32,347.9112872,25.9
1/2/19 6:50,1745.18,1780.8,354.3747256,26
1/2/19 6:51,1761.43,1797.38,357.6741039,25.6
1/2/19 6:52,1763.62,1799.61,358.1178683,25.8
1/2/19 6:53,1726.47,1761.7,350.5738736,26.8
1/2/19 6:54,1783.29,1819.68,362.1117479,27.6
1/2/19 6:55,1784.7,1821.12,362.3983043,26.1
1/2/19 6:56,1737.54,1773,352.8225452,26.6
1/2/19 6:57,1753.96,1789.76,356.1577431,25.8
1/2/19 6:58,1837.38,1874.88,373.964092,25.8
1/2/19 6:59,1691.5,1726.02,343.4736432,26.8
1/2/19 7:00,1710.02,1744.92,347.2346958,25.7
1/2/19 7:01,1760.06,1795.98,357.3955075,26.6
1/2/19 7:02,1742.66,1778.22,353.8613121,26.3
1/2/19 7:03,1753.53,1789.32,356.701842,27.4
1/2/19 7:04,1825.77,1863.03,370.738289,24.2
1/2/19 7:05,1794.87,1831.5,364.4638982,25.4
1/2/19 7:06,1827.94,1865.24,371.1780734,25.6
1/2/19 7:07,1754.3,1790.1,356.2254022,25.6
1/2/19 7:08,1833.46,1851.98,261.253929,27.5
1/2/19 7:09,1754.3,1790.1,356.2254022,27.6
1/2/19 7:10,1793.28,1829.88,364.1415223,26.9
1/2/19 7:11,1712.2,1747.14,347.6764702,24.9
1/2/19 7:12,1764.41,1800.42,358.2790563,26.2
1/2/19 7:13,1792.69,1829.28,364.221238,26.8
1/2/19 7:14,1776.73,1812.99,360.7804547,26.7
1/2/19 7:15,1755.71,1791.54,356.5119586,27.4
1/2/19 7:16,1885.71,1904.76,268.6994642,28.4
1/2/19 7:17,1768.76,1804.86,359.1626051,27
1/2/19 7:18,1765.13,1801.15,358.4243245,27.9
1/2/19 7:19,1753.53,1789.32,356.701842,26.2
1/2/19 7:20,1757.88,1793.76,356.953733,25.9
1/2/19 7:21,1765.13,1801.15,358.4243245,26
1/2/19 7:22,1760.06,1795.98,357.3955075,25.6
1/2/19 7:23,1862.31,1900.32,378.1589053,25.8
1/2/19 7:24,1751.36,1787.1,355.6284098,26.8
1/2/19 7:25,1942.86,1962.48,276.8418723,27.6
1/2/19 7:26,1838.38,1875.9,373.2993867,26.1
1/2/19 7:27,1741.76,1777.31,353.6802244,26.6
1/2/19 7:28,1820.44,1857.59,369.6557427,25.8
1/2/19 7:29,1892.31,1911.42,269.6389729,25.8
1/2/19 7:30,1807.33,1844.21,366.9931563,26.8
1/2/19 7:31,1899.11,1937.87,385.6312609,25.7
1/2/19 7:32,1818.25,1855.36,369.2119783,26.6
1/2/19 7:33,1733.02,1768.39,351.9051668,26.3
1/2/19 7:34,1733.02,1768.39,351.9051668,27.4
1/2/19 7:35,1796.4,1833.06,364.7743343,24.2
1/2/19 7:36,1763.62,1799.61,358.1178683,25.4
1/2/19 7:37,1717.72,1752.78,348.798816,25.6
1/2/19 7:38,1752.69,1788.46,355.8990464,25.6
1/2/19 7:39,1831.37,1868.74,371.8745646,27.5
1/2/19 7:40,1765.8,1801.84,358.5616327,27.6
1/2/19 7:41,1733.02,1768.39,351.9051668,26.9
1/2/19 7:42,1695.87,1730.48,344.361172,24.9
1/2/19 7:43,1776.73,1812.99,360.7804547,26.2
1/2/19 7:44,1717.72,1752.78,348.798816,26.8
1/2/19 7:45,1700.24,1734.94,345.2487008,26.7
1/2/19 7:46,1701.32,1736.04,345.4675981,27.4
1/2/19 7:47,1722.1,1757.24,349.6863448,28.4
1/2/19 7:48,1735.21,1770.62,352.3489312,27
1/2/19 7:49,1736.13,1771.56,352.5359888,27.9
1/2/19 7:50,1855.79,1893.66,376.833582,26.2
1/2/19 7:51,1820.98,1858.14,369.7651913,25.9
1/2/19 7:52,1838.76,1876.29,373.3769957,26
1/2/19 7:53,1768.76,1804.86,359.1626051,25.6
1/2/19 7:54,1738.3,1773.78,352.9777632,25.8
1/2/19 7:55,1770.94,1807.08,359.6043796,26.8
1/2/19 7:56,1872.53,1891.44,266.820447,27.6
1/2/19 7:57,1775.29,1811.52,360.4879284,26.1
1/2/19 7:58,1753.53,1789.32,356.701842,26.6
1/2/19 7:59,1749.18,1784.88,355.1866353,25.8
1/2/19 8:00,1751.36,1787.1,355.6284098,25.8
1/2/19 8:01,1801.95,1838.72,365.9006601,26.8
1/2/19 8:02,1775.29,1811.52,360.4879284,25.7
1/2/19 8:03,1741.3,1776.84,353.5866955,26.6
1/2/19 8:04,1753.53,1789.32,356.701842,26.3
1/2/19 8:05,1780.29,1816.62,361.5028156,27.4
1/2/19 8:06,1760.8,1796.73,357.5447556,24.2
1/2/19 8:07,1767.29,1803.36,358.8641089,25.4
1/2/19 8:08,1765.13,1801.15,358.4243245,25.6
1/2/19 8:09,1892.53,1911.65,269.6714184,25.6
1/2/19 8:10,1759.3,1795.2,357.2402894,27.5
1/2/19 8:11,1888.33,1907.4,269.718821,27.6
1/2/19 8:12,1833.88,1852.4,261.3131773,26.9
1/2/19 8:13,1793.79,1830.4,364.245001,24.9
1/2/19 8:14,1731.27,1766.6,351.5489613,26.2
1/2/19 8:15,1756.46,1792.31,356.6651867,26.8
1/2/19 8:16,1839.07,1876.6,373.4386849,26.7
1/2/19 8:17,1825.16,1843.6,260.717845,27.4
1/2/19 8:18,1776.54,1812.8,360.7426452,28.4
1/2/19 8:19,1739.89,1775.4,353.3001392,27
1/2/19 8:20,1770.08,1806.2,359.4292618,27.9
1/2/19 8:21,1800.26,1837,365.5583844,26.2
1/2/19 8:22,1888.33,1907.4,269.718821,25.9
1/2/19 8:23,1858.47,1896.4,377.3788351,26
1/2/19 8:24,1775.96,1812.2,360.6232467,25.6
1/2/19 8:25,1799.78,1836.51,365.4608756,25.8
1/2/19 8:26,1873.08,1892,266.8994447,26.8
1/2/19 8:27,1787.32,1823.8,362.9316176,27.6
1/2/19 8:28,1801.21,1819.4,256.6579544,26.1
1/2/19 8:29,1879.74,1898.73,267.8488281,26.6
1/2/19 8:30,1862.4,1881.21,265.3773279,25.8
1/2/19 8:31,1797.35,1815.51,256.1092024,25.8
1/2/19 8:32,1873.24,1892.16,266.9220155,26.8
1/2/19 8:33,1858.21,1876.98,264.780613,25.7
1/2/19 8:34,1819.04,1837.41,259.1985776,26.6
1/2/19 8:35,1817.2,1835.56,258.9376029,26.3
1/2/19 8:36,1877.63,1896.6,267.5483546,27.4
1/2/19 8:37,1799.94,1818.12,256.4773882,24.2
1/2/19 8:38,1901.25,1920.45,270.9128111,25.4
1/2/19 8:39,1750.67,1786.4,355.4891115,25.6
1/2/19 8:40,1776.54,1812.8,360.7426452,25.6
1/2/19 8:41,1836.91,1874.4,373.8904,27.5
1/2/19 8:42,1830.44,1867.8,371.687507,27.6
1/2/19 8:43,1907.93,1927.2,271.8650158,26.9
1/2/19 8:44,1979.8,1999.8,282.1065061,24.9
1/2/19 8:45,1795.95,1832.6,364.6827954,26.2
1/2/19 8:46,1833.88,1852.4,261.3131773,26.8
1/2/19 8:47,1846.94,1865.6,263.1752664,26.7
1/2/19 8:48,1866.55,1885.4,265.9684002,27.4
1/2/19 8:49,1821.44,1858.61,369.8587201,28.4
1/2/19 8:50,1984.16,2004.2,282.7272025,27
1/2/19 8:51,1765.76,1801.8,358.5536728,27.9
1/2/19 8:52,1763.61,1799.6,358.1158784,26.2
1/2/19 8:53,1774.39,1810.6,360.3048507,25.9
1/2/19 8:54,1785.17,1821.6,362.4938231,26
1/2/19 8:55,1787.78,1824.27,363.251464,25.6
1/2/19 8:56,1767.92,1804,358.9914673,25.8
1/2/19 8:57,1875.41,1894.35,267.230953,26.8
1/2/19 8:58,1860.01,1878.8,265.373556,27.6
1/2/19 8:59,1763.61,1799.6,358.1158784,26.1
1/2/19 9:00,1795.19,1813.32,255.8002649,26.6
1/2/19 9:01,1793.02,1811.13,255.4913273,25.8
1/2/19 9:02,1757.14,1793,356.8024949,25.8
1/2/19 9:03,1822.99,1841.4,259.7614363,26.8
1/2/19 9:04,1800.66,1837.41,365.6399734,25.7
1/2/19 9:05,1750.67,1786.4,355.4891115,26.6
1/2/19 9:06,1710.52,1745.43,347.3361845,26.3
1/2/19 9:07,1750.67,1786.4,355.4891115,27.4
1/2/19 9:08,1846.94,1865.6,263.1752664,24.2
1/2/19 9:09,1772.23,1808.4,359.8670563,25.4
1/2/19 9:10,1776.54,1812.8,360.7426452,25.6
1/2/19 9:11,1807.74,1826,257.588999,25.6
1/2/19 9:12,1757.14,1793,356.8024949,27.5
1/2/19 9:13,1767.92,1804,358.9914673,27.6
1/2/19 9:14,1742.05,1777.6,353.7379336,26.9
1/2/19 9:15,1767.92,1804,358.9914673,24.9
1/2/19 9:16,1750.67,1786.4,355.4891115,26.2
1/2/19 9:17,1806.73,1843.6,366.8717678,26.8
1/2/19 9:18,1742.05,1777.6,353.7379336,26.7
1/2/19 9:19,1731.27,1766.6,351.5489613,27.4
1/2/19 9:20,1754.98,1790.8,356.3647005,28.4
1/2/19 9:21,1776.54,1812.8,360.7426452,27
1/2/19 9:22,1711.86,1746.8,347.608811,27.9
1/2/19 9:23,1724.8,1760,350.2355779,26.2
1/2/19 9:24,1748.52,1784.2,355.513171,25.9
1/2/19 9:25,1789.48,1826,363.369412,26
1/2/19 9:26,1711.86,1746.8,347.608811,25.6
1/2/19 9:27,1776.54,1812.8,360.7426452,25.8
1/2/19 9:28,1744.2,1779.8,354.1757281,26.8
1/2/19 9:29,1789.48,1826,363.369412,27.6
1/2/19 9:30,1846.94,1865.6,263.1752664,26.1
1/2/19 9:31,1750.67,1786.4,355.4891115,26.6
1/2/19 9:32,1783.01,1819.4,362.560286,25.8
1/2/19 9:33,1696.77,1731.4,344.5442497,25.8
1/2/19 9:34,1732.64,1768,351.8275578,26.8
1/2/19 9:35,1732.64,1768,351.8275578,25.7
1/2/19 9:36,1736.97,1772.42,352.7071267,26.6
1/2/19 9:37,1728.31,1763.58,350.9479889,26.3
1/2/19 9:38,1715.31,1750.32,348.3092822,27.4
1/2/19 9:39,1715.31,1750.32,348.3092822,24.2
1/2/19 9:40,1700.15,1734.85,345.2307911,25.4
1/2/19 9:41,1791.12,1827.67,363.7017378,25.6
1/2/19 9:42,1748.52,1784.2,355.513171,25.6
1/2/19 9:43,1723.98,1759.16,350.6842,27.5
1/2/19 9:44,1732.64,1768,351.8275578,27.6
1/2/19 9:45,1706.65,1741.48,346.5501444,26.9
1/2/19 9:46,1710.98,1745.9,347.4297133,24.9
1/2/19 9:47,1709.71,1744.6,347.1710166,26.2
1/2/19 9:48,1760.8,1796.73,357.5447556,26.8
1/2/19 9:49,1726.14,1761.37,350.5082044,26.7
1/2/19 9:50,1693.66,1728.22,343.9114377,27.4
1/2/19 9:51,1700.15,1734.85,345.2307911,28.4
1/2/19 9:52,1702.32,1737.06,345.6705755,27
1/2/19 9:53,1697.99,1732.64,344.7910066,27.9
1/2/19 9:54,1712.2,1747.14,347.6764702,26.2
1/2/19 9:55,1720.9,1756.02,349.4435679,25.9
1/2/19 9:56,1715.31,1750.32,348.3092822,26
1/2/19 9:57,1708.82,1743.69,346.9899288,25.6
1/2/19 9:58,1690.44,1724.94,343.258726,25.8
1/2/19 9:59,1688.27,1722.72,342.8169515,26.8
1/2/19 10:00,1699.14,1733.82,345.258236,27.6
1/2/19 10:01,1620.82,1653.9,329.1219444,26.1
1/2/19 10:02,1679.56,1713.84,341.498538,26.6
1/2/19 10:03,1738.3,1773.78,352.9777632,25.8
1/2/19 10:04,1718.72,1753.8,349.17934,25.8
1/2/19 10:05,1674.02,1708.18,339.9235281,26.8
1/2/19 10:06,1708.98,1743.86,347.237584,25.7
1/2/19 10:07,1654.35,1688.11,335.9296485,26.6
1/2/19 10:08,1710.02,1744.92,347.2346958,26.3
1/2/19 10:09,1701.32,1736.04,345.4675981,27.4
1/2/19 10:10,1762.24,1798.2,357.8372819,24.2
1/2/19 10:11,1615.01,1647.97,327.9418893,25.4
1/2/19 10:12,1623.75,1656.89,329.7169469,25.6
1/2/19 10:13,1649.98,1683.65,335.421197,25.6
1/2/19 10:14,1645.61,1679.19,334.1545909,27.5
1/2/19 10:15,1608.45,1641.28,326.6105962,27.6
1/2/19 10:16,1615.67,1648.64,328.752177,26.9
1/2/19 10:17,1671.83,1705.95,339.4797637,24.9
1/2/19 10:18,1698.06,1732.71,344.8049364,26.2
1/2/19 10:19,1615.01,1647.97,327.9418893,26.8
1/2/19 10:20,1630.31,1663.58,331.482401,26.7
1/2/19 10:21,1619.38,1652.43,328.8294181,27.4
1/2/19 10:22,1634.68,1668.04,331.9357689,28.4
1/2/19 10:23,1658.72,1692.57,336.8171773,27
1/2/19 10:24,1698.06,1732.71,344.8049364,27.9
1/2/19 10:25,1652.99,1686.72,335.653042,26.2
1/2/19 10:26,1728.65,1763.93,351.17638,25.9
1/2/19 10:27,1635.42,1668.8,332.87007,26
1/2/19 10:28,1656.53,1690.34,336.3734129,25.6
1/2/19 10:29,1715.54,1750.55,348.3550516,25.8
1/2/19 10:30,1711.17,1746.09,347.4675228,26.8
1/2/19 10:31,1776.73,1812.99,360.7804547,27.6
1/2/19 10:32,1704.61,1739.4,346.1362296,26.1
1/2/19 10:33,1656.53,1690.34,336.3734129,26.6
1/2/19 10:34,1658.72,1692.57,336.8171773,25.8
1/2/19 10:35,1689.31,1723.79,343.298788,25.8
1/2/19 10:36,1663.09,1697.03,337.7047061,26.8
1/2/19 10:37,1674.16,1708.33,339.9533777,25.7
1/2/19 10:38,1723.08,1758.24,349.8853423,26.6
1/2/19 10:39,1661.17,1695.07,337.314671,26.3
1/2/19 10:40,1694.79,1729.38,344.1422748,27.4
1/2/19 10:41,1690.44,1724.94,343.258726,24.2
1/2/19 10:42,1768.76,1804.86,359.1626051,25.4
1/2/19 10:43,1664.33,1698.3,337.9574329,25.6
1/2/19 10:44,1677.39,1711.62,340.6080794,25.6
1/2/19 10:45,1659.98,1693.86,337.73884,27.5
1/2/19 10:46,1710.02,1744.92,347.2346958,27.6
1/2/19 10:47,1683.91,1718.28,341.9334027,26.9
1/2/19 10:48,1733.95,1769.34,352.942144,24.9
1/2/19 10:49,1659.98,1693.86,337.73884,26.2
1/2/19 10:50,1694.79,1729.38,344.1422748,26.8
1/2/19 10:51,1677.39,1711.62,340.6080794,26.7
1/2/19 10:52,1666.51,1700.52,338.3992073,27.4
1/2/19 10:53,1630.31,1663.58,331.482401,28.4
1/2/19 10:54,1631.7,1665,331.3308166,27
1/2/19 10:55,1679.56,1713.84,341.498538,27.9
1/2/19 10:56,1653.46,1687.2,335.7485608,26.2
1/2/19 10:57,1630.31,1663.58,331.482401,25.9
1/2/19 10:58,1629.52,1662.78,330.8890421,26
1/2/19 10:59,1548.32,1579.92,314.4001103,25.6